day,planned_date,date_source,phase,week,week_theme,stage,stage_label,sector,sector_label,risk,format,format_label,topic,hook,stakes,verdict,cta_label,cta_url,briefing_url,short_status,reel_status,asset_link,posted_at,notes
1,2026-03-26,published,Foundations,1,What is DPDPA?,learn,Learn,general,Foundations / all sectors,medium,stat,Stat,DPDPA in one sentence,DPDPA is India's law for digital personal data.,"If your business collects, stores, shares, or uses people's data in digital form, this law matters to you. That includes customer data, employee data, vendor data, and app-user data.",If data is digital and belongs to a person it is now a business responsibility not just a tech issue.,Check my readiness,https://saralprivacy.com/assessment,https://saralprivacy.com/briefings/2026-03-26-are-you-breaking-this-new-law-without-knowing,,,,,
2,2026-03-27,published,Foundations,1,What is DPDPA?,learn,Learn,general,Foundations / all sectors,medium,explainer,Explainer,Who should care?,DPDPA is not only for large enterprises.,"A 20-person company collecting resumes, customer phone numbers, or website leads is already handling personal data. Size does not magically erase responsibility.",If you collect digital data from people DPDPA is your issue too.,Check my readiness,https://saralprivacy.com/assessment,https://saralprivacy.com/briefings/2026-03-27-does-this-new-law-apply-to-your-small-business,,,,,
3,2026-03-28,published,Foundations,1,What is DPDPA?,learn,Learn,general,Foundations / all sectors,medium,stat,Stat,Myth-buster: We are too small,Small businesses are not invisible.,"Smaller firms usually have weaker controls, fewer processes, and more informal data sharing. That makes them more exposed, not less.",Being small reduces headcount not risk.,Check my readiness,https://saralprivacy.com/assessment,https://saralprivacy.com/briefings/2026-03-28-small-business-this-law-still-applies-to-you,,,,,
4,2026-03-29,derived,Foundations,1,What is DPDPA?,learn,Learn,general,Foundations / all sectors,medium,stat,Stat,What counts as personal data?,Personal data is any data that can identify a person directly or indirectly.,"Name, email, mobile number, employee ID, location, support ticket, login data, payment-linked info, and resumes can all count depending on context.",If a piece of data can point to a real human treat it with care.,Check my readiness,https://saralprivacy.com/assessment,,,,,,
5,2026-03-30,derived,Foundations,1,What is DPDPA?,learn,Learn,general,Foundations / all sectors,medium,playbook,Playbook,Why now?,DPDPA readiness should start before someone asks for proof.,"Most SMBs wait until a customer questionnaire, a partner review, or a data issue forces action. That is late. Readiness is cheaper before pressure arrives.",The best time to prepare is before your inbox becomes a crime scene.,Check my readiness,https://saralprivacy.com/assessment,,,,,,
6,2026-03-31,derived,Foundations,1,What is DPDPA?,learn,Learn,general,Foundations / all sectors,medium,explainer,Explainer,DPDPA in 60 seconds,Explain DPDPA in business language not legal language.,The video should answer four things: what it is who it affects where the risk sits and what the first step is.,Do not start with law. Start with where your data lives.,Check my readiness,https://saralprivacy.com/assessment,,,,,,
7,2026-04-01,derived,Foundations,1,What is DPDPA?,learn,Learn,general,Foundations / all sectors,medium,stat,Stat,Weekly recap poll,Make people locate the problem.,"Ask where most personal data sits: CRM, HR files, WhatsApp, spreadsheets, support tools. This turns theory into self-diagnosis.",You cannot protect what you cannot point to.,Check my readiness,https://saralprivacy.com/assessment,,,,,,
8,2026-04-02,derived,Foundations,2,Why SMBs should care,learn,Learn,general,Foundations / all sectors,medium,stat,Stat,Trust is a business asset,Privacy readiness builds trust.,"Customers and partners may not read your policy line by line, but they notice when a business handles data carelessly. Trust leaks quietly, then all at once.",Data care is brand care.,Check my readiness,https://saralprivacy.com/assessment,,,,,,
9,2026-04-03,derived,Foundations,2,Why SMBs should care,learn,Learn,general,Foundations / all sectors,medium,explainer,Explainer,Customer data risks,Customer data leaks happen through normal business activity.,"Lead forms, CRM exports, support tickets, email attachments, spreadsheets, and shared folders are common weak points.",Risk usually hides inside routine not drama.,Check my readiness,https://saralprivacy.com/assessment,,,,,,
10,2026-04-04,derived,Foundations,2,Why SMBs should care,learn,Learn,general,Foundations / all sectors,medium,stat,Stat,Employee data risks,Employee data is just as sensitive as customer data.,"Resumes, salary files, attendance data, IDs, medical details, and background checks often sit in messy folders with weak access control.",Your people data deserves the same discipline as your customer data.,Check my readiness,https://saralprivacy.com/assessment,,,,,,
11,2026-04-05,derived,Foundations,2,Why SMBs should care,learn,Learn,general,Foundations / all sectors,medium,explainer,Explainer,Vendor risk,Your vendors can expand your risk.,"HRMS tools, CRMs, payroll vendors, agencies, cloud tools, and IT support partners may all touch personal data. If they are sloppy, your business still suffers.",Your data risk is only as strong as your weakest vendor.,Check my readiness,https://saralprivacy.com/assessment,,,,,,
12,2026-04-06,derived,Foundations,2,Why SMBs should care,learn,Learn,general,Foundations / all sectors,medium,stat,Stat,Mistake to avoid: collecting too much,Data minimisation is common sense.,"Many SMBs collect extra fields just in case. Most of that data is never used, but it increases storage, exposure, and confusion.",Every extra field you collect becomes one more thing you must protect.,Check my readiness,https://saralprivacy.com/assessment,,,,,,
13,2026-04-07,derived,Foundations,2,Why SMBs should care,learn,Learn,general,Foundations / all sectors,medium,stat,Stat,Mini case: the 40-person company,Complexity arrives faster than maturity.,"A 40-person business may already use 12–15 tools, multiple shared folders, several admins, and zero data map. Growth creates digital clutter before governance catches up.",A growing company becomes a data machine long before it feels big.,Check my readiness,https://saralprivacy.com/assessment,,,,,,
14,2026-04-08,derived,Foundations,2,Why SMBs should care,learn,Learn,general,Foundations / all sectors,medium,checklist,Checklist,Weekly FAQ,Answer beginner questions clearly.,Cover: Is DPDPA only for big firms? Is a privacy policy enough? What should I do first? Keep each answer short and plain.,People save content that removes fear without hiding the truth.,Check my readiness,https://saralprivacy.com/assessment,,,,,,
15,2026-04-09,derived,Foundations,3,Business implications,learn,Learn,general,Foundations / all sectors,medium,stat,Stat,Procurement angle,Data handling affects deals.,Larger clients increasingly ask vendors how they manage customer and employee data. Bad answers can slow trust and weaken enterprise sales.,Privacy readiness can help you win business not just avoid trouble.,Check my readiness,https://saralprivacy.com/assessment,,,,,,
16,2026-04-10,derived,Foundations,3,Business implications,learn,Learn,general,Foundations / all sectors,medium,stat,Stat,Reputation angle,Small brands recover slower from trust damage.,"A large company can absorb one bad week. A small company may lose referrals, goodwill, and credibility much faster.",Reputation is a small business's cheapest moat and easiest asset to damage.,Check my readiness,https://saralprivacy.com/assessment,,,,,,
17,2026-04-11,derived,Foundations,3,Business implications,learn,Learn,general,Foundations / all sectors,medium,explainer,Explainer,Operations angle,Bad data handling creates internal inefficiency.,"Duplicate files, unclear ownership, over-sharing, and old records waste time and increase mistakes. Privacy discipline also improves operational clarity.",Good privacy practice is also good housekeeping.,Check my readiness,https://saralprivacy.com/assessment,,,,,,
18,2026-04-12,derived,Foundations,3,Business implications,learn,Learn,general,Foundations / all sectors,medium,stat,Stat,HR angle,HR is a privacy frontline.,"HR often handles the most personal and most sensitive data in the company, but many teams still manage it with email chains and shared folders.",HR is not just a people function. It is a data-risk function.,Check my readiness,https://saralprivacy.com/assessment,,,,,,
19,2026-04-13,derived,Foundations,3,Business implications,learn,Learn,general,Foundations / all sectors,medium,explainer,Explainer,Marketing angle,Marketing needs cleaner consent and communication habits.,"Lead forms, campaigns, mailing lists, remarketing, and third-party agencies all affect how data is collected and used.",Good marketing gets attention. Good data practice keeps trust.,Check my readiness,https://saralprivacy.com/assessment,,,,,,
20,2026-04-14,derived,Foundations,3,Business implications,learn,Learn,general,Foundations / all sectors,medium,checklist,Checklist,IT angle,Basic controls matter more than fancy tools.,"Start with access control, deletion, backups, admin review, and a simple incident response path. Most SMBs do not need a spaceship. They need seatbelts.",Simple controls beat complicated excuses.,Check my readiness,https://saralprivacy.com/assessment,,,,,,
21,2026-04-15,derived,Foundations,3,Business implications,learn,Learn,general,Foundations / all sectors,medium,stat,Stat,Live AMA invite,Turn passive interest into active questions.,"Invite founders, HR, ops, IT, and marketers to ask plain-English DPDPA questions. This gives you objections, confusion points, and future content fuel.",The questions people ask tell you where the real fear lives.,Check my readiness,https://saralprivacy.com/assessment,,,,,,
22,2026-04-16,derived,Foundations,4,Where to start,assess,Assess,general,Foundations / all sectors,medium,checklist,Checklist,Start with a data inventory,List where personal data exists.,"Systems, folders, spreadsheets, emails, tools, and vendors should all be listed. This is the foundation of everything else.",A data inventory is the map before the journey.,Map my data,https://saralprivacy.com/discovery,,,,,,
23,2026-04-17,derived,Foundations,4,Where to start,assess,Assess,general,Foundations / all sectors,medium,explainer,Explainer,Assign ownership,Somebody must own the process.,"In SMBs, ownership can sit with ops, IT, legal, founder office, or a cross-functional lead. Shared ownership often means no ownership.",When everyone owns it no one fixes it.,Map my data,https://saralprivacy.com/discovery,,,,,,
24,2026-04-18,derived,Foundations,4,Where to start,assess,Assess,general,Foundations / all sectors,medium,explainer,Explainer,Fix high-risk flows first,Prioritise obvious weak spots.,"Website forms, HR folders, marketing exports, vendor sharing, and support attachments are often the highest-risk data flows.",Do not start everywhere. Start where the leak is biggest.,Map my data,https://saralprivacy.com/discovery,,,,,,
25,2026-04-19,derived,Foundations,4,Where to start,assess,Assess,general,Foundations / all sectors,medium,checklist,Checklist,Don't boil the ocean,Focus on the top 5 data processes first.,"Founders get stuck when the task feels huge. Narrow the work to the processes that matter most: hiring, payroll, lead capture, customer support, and vendor sharing.",Progress comes from sequence not panic.,Map my data,https://saralprivacy.com/discovery,,,,,,
26,2026-04-20,derived,Foundations,4,Where to start,assess,Assess,general,Foundations / all sectors,medium,playbook,Playbook,Webinar day,Give a starter roadmap.,Explain what an SMB should do in the first 30 days who should own what and what good enough to begin looks like.,The first milestone is clarity not perfection.,Map my data,https://saralprivacy.com/discovery,,,,,,
27,2026-04-21,derived,Foundations,4,Where to start,assess,Assess,general,Foundations / all sectors,medium,checklist,Checklist,5-step readiness summary,Keep it memorable.,"Five steps: map data, minimise collection, control access, review vendors, define retention.",Map. Minimise. Control. Review. Retain. Simple beats fancy.,Map my data,https://saralprivacy.com/discovery,,,,,,
28,2026-04-22,derived,Foundations,4,Where to start,assess,Assess,general,Foundations / all sectors,medium,stat,Stat,Poll: what is hardest?,Let the market tell you the bottleneck.,"Options: legal clarity, data mapping, tools, ownership, budget. This will shape the next month's content.",The smartest content calendar listens before it lectures.,Map my data,https://saralprivacy.com/discovery,,,,,,
29,2026-04-23,derived,Foundations,4,Where to start,assess,Assess,general,Foundations / all sectors,medium,playbook,Playbook,Monthly recap,Summarise month 1 cleanly.,"Cover the big lessons: what DPDPA is, who it affects, where risk sits, and where to start. Add links to the most useful assets.",Recaps are where trust compounds.,Map my data,https://saralprivacy.com/discovery,,,,,,
30,2026-04-24,derived,Foundations,4,Where to start,assess,Assess,general,Foundations / all sectors,medium,stat,Stat,Strong CTA,Move from awareness to self-assessment.,Offer a free SMB DPDPA readiness checklist and position it as the easiest starting point.,Awareness without action is just polite entertainment.,Map my data,https://saralprivacy.com/discovery,,,,,,
31,2026-04-25,derived,Foundations,5,How DPDPA affects each function,assess,Assess,general,Foundations / all sectors,medium,stat,Stat,Founder lens,DPDPA is a leadership issue.,Founders set the tone for how seriously data is treated. If leadership is casual the whole company becomes casual.,Culture follows the founder's tolerance for mess.,Map my data,https://saralprivacy.com/discovery,,,,,,
32,2026-04-26,derived,Foundations,5,How DPDPA affects each function,assess,Assess,general,Foundations / all sectors,medium,checklist,Checklist,HR lens,HR handles high-trust data every day.,"Resume banks, employee records, payroll, medical information, and disciplinary records all require disciplined handling.",HR data is private by default not by exception.,Map my data,https://saralprivacy.com/discovery,,,,,,
33,2026-04-27,derived,Foundations,5,How DPDPA affects each function,assess,Assess,general,Foundations / all sectors,medium,explainer,Explainer,Marketing lens,Data collection starts at the form.,"Audit forms, campaign tools, mailing lists, agencies, and analytics tools. Ask: why are we collecting each field?",The form is where data discipline begins.,Map my data,https://saralprivacy.com/discovery,,,,,,
34,2026-04-28,derived,Foundations,5,How DPDPA affects each function,assess,Assess,general,Foundations / all sectors,medium,stat,Stat,Sales lens,CRM hygiene is privacy hygiene.,"Old leads, duplicate records, random exports, and shared credentials create risk and confusion.",A dirty CRM is both a sales problem and a privacy problem.,Map my data,https://saralprivacy.com/discovery,,,,,,
35,2026-04-29,derived,Foundations,5,How DPDPA affects each function,assess,Assess,general,Foundations / all sectors,medium,checklist,Checklist,IT lens,IT controls turn policy into reality.,"Focus on access logs, deletion, backups, admin control, and system-level visibility.",Policy without controls is wallpaper.,Map my data,https://saralprivacy.com/discovery,,,,,,
36,2026-04-30,derived,Foundations,5,How DPDPA affects each function,assess,Assess,general,Foundations / all sectors,medium,explainer,Explainer,Ops lens,Operations teams often move data across the business.,"Shared folders, approvals, vendor handoffs, finance coordination, and service operations make ops the hidden highway of data movement.",Ops is where data travels so ops is where discipline must show up.,Map my data,https://saralprivacy.com/discovery,,,,,,
37,2026-05-01,derived,Foundations,5,How DPDPA affects each function,assess,Assess,general,Foundations / all sectors,medium,checklist,Checklist,Function-wise cheat sheet,Different teams need different messages.,"Summarise founder, HR, marketing, sales, IT, and ops responsibilities on one page.",Clarity rises when each team knows its lane.,Map my data,https://saralprivacy.com/discovery,,,,,,
38,2026-05-02,derived,Foundations,6,What readiness looks like,assess,Assess,general,Foundations / all sectors,medium,explainer,Explainer,Data inventory explained,"A data inventory lists data type, location, owner, use, and vendor exposure.",It is not a legal document. It is a working map.,You cannot govern a ghost.,Map my data,https://saralprivacy.com/discovery,,,,,,
39,2026-05-03,derived,Foundations,6,What readiness looks like,assess,Assess,general,Foundations / all sectors,medium,checklist,Checklist,Privacy notice basics,Tell people what you collect and why.,"A privacy notice should be readable, specific, and aligned with real practice. Do not publish fairy tales.",Your privacy notice should describe reality not aspiration.,Map my data,https://saralprivacy.com/discovery,,,,,,
40,2026-05-04,derived,Foundations,6,What readiness looks like,assess,Assess,general,Foundations / all sectors,medium,explainer,Explainer,Consent basics,Ask clearly not cleverly.,"Consent language should be understandable, specific, and tied to actual use. No tiny traps. No vague mush.",If a normal person cannot understand it it is not good communication.,Map my data,https://saralprivacy.com/discovery,,,,,,
41,2026-05-05,derived,Foundations,6,What readiness looks like,assess,Assess,general,Foundations / all sectors,medium,checklist,Checklist,Vendor review basics,Know who touches your data.,"Make a list of third parties, what data they handle, why they need it, and whether the access is justified.",Vendors are part of your system not outside it.,Map my data,https://saralprivacy.com/discovery,,,,,,
42,2026-05-06,derived,Foundations,6,What readiness looks like,assess,Assess,general,Foundations / all sectors,medium,playbook,Playbook,Retention basics,Do not keep data forever.,If data is no longer needed define when and how it is deleted or archived properly.,Old data is like old wiring: forgotten until it sparks.,Map my data,https://saralprivacy.com/discovery,,,,,,
43,2026-05-07,derived,Foundations,6,What readiness looks like,assess,Assess,general,Foundations / all sectors,medium,explainer,Explainer,Incident response basics,Every business needs a what-happens-if plan.,"Define who notices, who escalates, who investigates, and who communicates. Without this, panic runs the show.",In a data incident confusion becomes the second breach.,Map my data,https://saralprivacy.com/discovery,,,,,,
44,2026-05-08,derived,Foundations,6,What readiness looks like,assess,Assess,general,Foundations / all sectors,medium,explainer,Explainer,6 building blocks infographic,Readiness has six simple blocks.,"Inventory, notice, consent, access, retention, incident response. Keep it visual and saveable.",People save frameworks when they can see the full picture at once.,Map my data,https://saralprivacy.com/discovery,,,,,,
45,2026-05-09,derived,Foundations,7,Mistakes SMBs make,fix,Fix,general,Foundations / all sectors,medium,stat,Stat,Too much data collection,Collect only what you need.,Remove fields that are nice-to-know but not needed for the service or process.,Less data collected means less data to defend.,Get the checklist,https://saralprivacy.com/resources,,,,,,
46,2026-05-10,derived,Foundations,7,Mistakes SMBs make,fix,Fix,general,Foundations / all sectors,medium,explainer,Explainer,No ownership,No owner means no momentum.,Assign one accountable person and a small cross-functional group.,Responsibility needs a name not a slogan.,Get the checklist,https://saralprivacy.com/resources,,,,,,
47,2026-05-11,derived,Foundations,7,Mistakes SMBs make,fix,Fix,general,Foundations / all sectors,medium,stat,Stat,Shared credentials,Shared logins create blind spots.,If many people use the same account you cannot know who did what.,Shared credentials are the privacy version of everyone using the same house key.,Get the checklist,https://saralprivacy.com/resources,,,,,,
48,2026-05-12,derived,Foundations,7,Mistakes SMBs make,fix,Fix,general,Foundations / all sectors,medium,explainer,Explainer,Data in WhatsApp and spreadsheets,Informal tools create formal risk.,Personal data often sits in chats exports and desktop sheets long after its original purpose is over.,Convenience is where governance goes to die.,Get the checklist,https://saralprivacy.com/resources,,,,,,
49,2026-05-13,derived,Foundations,7,Mistakes SMBs make,fix,Fix,general,Foundations / all sectors,medium,stat,Stat,No deletion habit,Many SMBs keep everything forever.,"Old resumes, past leads, exited employee records, and outdated spreadsheets are often kept without review.",If you never delete your risk only grows older not smaller.,Get the checklist,https://saralprivacy.com/resources,,,,,,
50,2026-05-14,derived,Foundations,7,Mistakes SMBs make,fix,Fix,general,Foundations / all sectors,medium,explainer,Explainer,No vendor review,Tools get added faster than they get reviewed.,"Agencies, consultants, software tools, and external support teams often receive data access by convenience.",Every new tool is a new door. Check who has the keys.,Get the checklist,https://saralprivacy.com/resources,,,,,,
51,2026-05-15,derived,Foundations,7,Mistakes SMBs make,fix,Fix,general,Foundations / all sectors,medium,checklist,Checklist,Top 10 mistakes recap,Bundle the lessons into one saveable asset.,Make it easy to share internally with founders IT HR and ops.,Save-worthy content becomes internal training without asking permission.,Get the checklist,https://saralprivacy.com/resources,,,,,,
52,2026-05-16,derived,Foundations,8,30-day SMB action plan,fix,Fix,general,Foundations / all sectors,medium,checklist,Checklist,Create a data map,"Map data source, owner, tool, and purpose.",Start with core processes not every corner.,A rough map now is better than a perfect map never.,Get the checklist,https://saralprivacy.com/resources,,,,,,
53,2026-05-17,derived,Foundations,8,30-day SMB action plan,fix,Fix,general,Foundations / all sectors,medium,explainer,Explainer,Identify top 3 risky processes,Rank your biggest exposures.,"Examples: hiring data, marketing lead flow, CRM exports, support logs.",Risk prioritisation turns a mountain into a to-do list.,Get the checklist,https://saralprivacy.com/resources,,,,,,
54,2026-05-18,derived,Foundations,8,30-day SMB action plan,fix,Fix,general,Foundations / all sectors,medium,stat,Stat,Clean old data dumps,Remove stale duplicate and useless files.,"Focus on old lead lists, outdated resumes, exported reports, and forgotten shared folders.",Digital clutter is silent risk with excellent storage discipline.,Get the checklist,https://saralprivacy.com/resources,,,,,,
55,2026-05-19,derived,Foundations,8,30-day SMB action plan,fix,Fix,general,Foundations / all sectors,medium,checklist,Checklist,Tighten access,Not everyone needs access to everything.,"Review admins, shared folders, email permissions, CRM roles, and HR folders.",Access should follow job need not curiosity.,Get the checklist,https://saralprivacy.com/resources,,,,,,
56,2026-05-20,derived,Foundations,8,30-day SMB action plan,fix,Fix,general,Foundations / all sectors,medium,checklist,Checklist,Review privacy notice and forms,Match public words with actual practice.,Check if your forms and privacy statements clearly explain what is collected and why.,If your form and your policy disagree trust loses.,Get the checklist,https://saralprivacy.com/resources,,,,,,
57,2026-05-21,derived,Foundations,8,30-day SMB action plan,fix,Fix,general,Foundations / all sectors,medium,explainer,Explainer,Create breach contacts,Know who is called first.,"Define an internal contact path: ops, IT, founder, legal/compliance, communications if needed.",Speed starts with names not intentions.,Get the checklist,https://saralprivacy.com/resources,,,,,,
58,2026-05-22,derived,Foundations,8,30-day SMB action plan,fix,Fix,general,Foundations / all sectors,medium,checklist,Checklist,30-day action board,Turn advice into action items.,"Include owner, task, deadline, and status. Keep it brutally simple.",A checklist becomes real only when it has owners and dates.,Get the checklist,https://saralprivacy.com/resources,,,,,,
59,2026-05-23,derived,Foundations,8,30-day SMB action plan,fix,Fix,general,Foundations / all sectors,medium,checklist,Checklist,Assessment launch,Let SMBs score themselves.,Use 10–15 plain questions across data mapping ownership access retention vendors and notices.,People engage deeper when they can see where they stand.,Get the checklist,https://saralprivacy.com/resources,,,,,,
60,2026-05-24,derived,Foundations,8,30-day SMB action plan,fix,Fix,general,Foundations / all sectors,medium,explainer,Explainer,Awareness to action webinar invite,The next step is guided action.,Invite users to move from understanding to fixing.,Education earns attention. Action earns value.,Get the checklist,https://saralprivacy.com/resources,,,,,,
61,2026-05-25,derived,Foundations,9,Act now,fix,Fix,general,Foundations / all sectors,medium,playbook,Playbook,Announce readiness sprint,Give a 30-day sprint structure.,Position it as a practical business cleanup not a giant legal project.,People act faster when the path feels finite.,Get the checklist,https://saralprivacy.com/resources,,,,,,
62,2026-05-26,derived,Foundations,9,Act now,fix,Fix,general,Foundations / all sectors,medium,checklist,Checklist,Share sample action plan,Show what good first month looks like.,"Include data inventory, access review, vendor list, notice update, retention checklist.",Examples reduce hesitation faster than advice.,Get the checklist,https://saralprivacy.com/resources,,,,,,
63,2026-05-27,derived,Foundations,9,Act now,fix,Fix,general,Foundations / all sectors,medium,checklist,Checklist,Founder checklist,Founders need 7–10 key actions.,"Assign owner, approve priorities, review vendor exposure, set reporting rhythm.",Leadership attention is the cheapest accelerator.,Get the checklist,https://saralprivacy.com/resources,,,,,,
64,2026-05-28,derived,Foundations,9,Act now,fix,Fix,general,Foundations / all sectors,medium,checklist,Checklist,HR checklist,HR needs clean handling of employee data.,"Review files, access, retention, recruitment forms, and external sharing.",The employee lifecycle is a data lifecycle too.,Get the checklist,https://saralprivacy.com/resources,,,,,,
65,2026-05-29,derived,Foundations,9,Act now,fix,Fix,general,Foundations / all sectors,medium,checklist,Checklist,Marketing checklist,Marketing needs leaner data practice.,"Review forms, consent language, agencies, lists, exports, and campaign tools.",Smarter data collection creates cleaner growth.,Get the checklist,https://saralprivacy.com/resources,,,,,,
66,2026-05-30,derived,Foundations,9,Act now,fix,Fix,general,Foundations / all sectors,medium,checklist,Checklist,IT checklist,IT makes privacy executable.,"Audit admin access, logs, folder rights, device hygiene, and deletion capability.",Controls are where good intentions become reality.,Get the checklist,https://saralprivacy.com/resources,,,,,,
67,2026-05-31,derived,Foundations,9,Act now,fix,Fix,general,Foundations / all sectors,medium,stat,Stat,Weekly Q&A summary,Capture objections and answers.,Answer the most repeated questions from webinars chats and polls.,A good summary becomes reusable training content.,Get the checklist,https://saralprivacy.com/resources,,,,,,
68,2026-06-01,derived,Foundations,10,Make it practical,fix,Fix,general,Foundations / all sectors,medium,checklist,Checklist,Data inventory sheet,Give fields not theory.,"Include data type, system, owner, purpose, access, retention, vendor.",Templates save time because they remove starting friction.,Get the checklist,https://saralprivacy.com/resources,,,,,,
69,2026-06-02,derived,Foundations,10,Make it practical,fix,Fix,general,Foundations / all sectors,medium,checklist,Checklist,Vendor review sheet,Standardise vendor checks.,"Ask what data the vendor touches, why they need it, where it is stored, and who approves access.",A vendor sheet turns hand-waving into evidence.,Get the checklist,https://saralprivacy.com/resources,,,,,,
70,2026-06-03,derived,Foundations,10,Make it practical,fix,Fix,general,Foundations / all sectors,medium,playbook,Playbook,Retention tracker,Decide how long data stays.,"Track data category, business need, retention period, owner, deletion method.",Retention discipline prevents digital hoarding.,Get the checklist,https://saralprivacy.com/resources,,,,,,
71,2026-06-04,derived,Foundations,10,Make it practical,fix,Fix,general,Foundations / all sectors,medium,explainer,Explainer,Incident contact tree,Build response muscle before trouble arrives.,"List names, roles, mobile numbers, escalation sequence, and backup contacts.",A contact tree is small effort with huge payoff under stress.,Get the checklist,https://saralprivacy.com/resources,,,,,,
72,2026-06-05,derived,Foundations,10,Make it practical,fix,Fix,general,Foundations / all sectors,medium,checklist,Checklist,Privacy notice starter,Help SMBs say the basics clearly.,Keep it readable and aligned with actual forms and systems.,Plain language creates more trust than legal furniture.,Get the checklist,https://saralprivacy.com/resources,,,,,,
73,2026-06-06,derived,Foundations,10,Make it practical,fix,Fix,general,Foundations / all sectors,medium,explainer,Explainer,Internal ownership matrix,Define who does what.,"Split accountability across founder, HR, IT, ops, marketing, and external advisors.",A matrix kills the classic line: I thought someone else was doing it.,Get the checklist,https://saralprivacy.com/resources,,,,,,
74,2026-06-07,derived,Foundations,10,Make it practical,fix,Fix,general,Foundations / all sectors,medium,explainer,Explainer,45-minute readiness workshop guide,Make internal action easy.,"Agenda: systems list, risky flows, top gaps, owners, next 30-day plan.",One focused workshop can replace three months of vague concern.,Get the checklist,https://saralprivacy.com/resources,,,,,,
75,2026-06-08,derived,Foundations,11,Industry use cases,assess,Assess,general,Foundations / all sectors,medium,stat,Stat,D2C and ecommerce,Customer data flows everywhere in ecommerce.,"Orders, returns, support, marketing, payment-linked interactions, loyalty programs.",Every order creates a data trail not just a revenue line.,Map my data,https://saralprivacy.com/discovery,,,,,,
76,2026-06-09,derived,Foundations,11,Industry use cases,assess,Assess,general,Foundations / all sectors,medium,stat,Stat,SaaS and startup,SaaS firms process user and employee data at scale.,"Accounts, support logs, product analytics, test databases, integrations, admin tools.",Fast software growth can outgrow data discipline overnight.,Map my data,https://saralprivacy.com/discovery,,,,,,
77,2026-06-10,derived,Foundations,11,Industry use cases,assess,Assess,general,Foundations / all sectors,medium,stat,Stat,HR and staffing,Staffing firms are data-heavy by design.,"Candidate resumes, placements, payroll inputs, background records, client sharing.",Recruitment data multiplies quickly and lingers dangerously.,Map my data,https://saralprivacy.com/discovery,,,,,,
78,2026-06-11,derived,Foundations,11,Industry use cases,assess,Assess,general,Foundations / all sectors,medium,stat,Stat,Healthcare and clinics,Health-linked data requires extra care in practice.,"Appointments, patient records, billing, diagnostics, internal communication.",In healthcare trust is part of the service itself.,Map my data,https://saralprivacy.com/discovery,,,,,,
79,2026-06-12,derived,Foundations,11,Industry use cases,assess,Assess,general,Foundations / all sectors,medium,stat,Stat,Education,Education holds student and parent data across many systems.,"Admissions, fees, communication, academic records, attendance, platforms.",Education data stays valuable long after the form is filled.,Map my data,https://saralprivacy.com/discovery,,,,,,
80,2026-06-13,derived,Foundations,11,Industry use cases,assess,Assess,general,Foundations / all sectors,medium,stat,Stat,Hospitality and retail,Retail and hospitality hold more personal data than they think.,"Bookings, loyalty records, feedback forms, invoices, service logs.",Customer experience and customer data are often stored side by side.,Map my data,https://saralprivacy.com/discovery,,,,,,
81,2026-06-14,derived,Foundations,11,Industry use cases,assess,Assess,general,Foundations / all sectors,medium,checklist,Checklist,Sector recap PDF,Make industry-specific learning easy to save and share.,One page per sector with key risks typical data types first fixes.,People save content that looks like it was written for their world.,Map my data,https://saralprivacy.com/discovery,,,,,,
82,2026-06-15,derived,Foundations,12,Convert awareness into commitment,sustain,Sustain,general,Foundations / all sectors,medium,stat,Stat,Benchmark insights,Show what the campaign learned.,"Common findings: no inventory, unclear ownership, excess data, weak vendor review, broad access.",Benchmarking helps people see they are not alone but also not off the hook.,Browse templates,https://saralprivacy.com/resources,,,,,,
83,2026-06-16,derived,Foundations,12,Convert awareness into commitment,sustain,Sustain,general,Foundations / all sectors,medium,stat,Stat,Common objections and blunt answers,Remove excuses.,We are too small. We already have a policy. We do not have budget. We will do it later. Answer each simply and directly.,Excuses shrink when the truth is short and specific.,Browse templates,https://saralprivacy.com/resources,,,,,,
84,2026-06-17,derived,Foundations,12,Convert awareness into commitment,sustain,Sustain,general,Foundations / all sectors,medium,checklist,Checklist,What to fix in the next 7 days,Give an immediate starter pack.,"List systems, assign owner, remove broad access, identify top risky flows.",A week is enough to start not enough to hide.,Browse templates,https://saralprivacy.com/resources,,,,,,
85,2026-06-18,derived,Foundations,12,Convert awareness into commitment,sustain,Sustain,general,Foundations / all sectors,medium,checklist,Checklist,What to fix in the next 30 days,Expand to structured readiness.,"Complete inventory, review forms, draft retention rules, create contact tree, review vendors.",Thirty days can create order where there was only anxiety.,Browse templates,https://saralprivacy.com/resources,,,,,,
86,2026-06-19,derived,Foundations,12,Convert awareness into commitment,sustain,Sustain,general,Foundations / all sectors,medium,playbook,Playbook,What to fix in the next 90 days,Build a basic privacy operating model.,"Monthly reviews, policy alignment, team training, recurring vendor checks, deletion rhythm.",The goal is not a one-time cleanup. It is a repeatable habit.,Browse templates,https://saralprivacy.com/resources,,,,,,
87,2026-06-20,derived,Foundations,12,Convert awareness into commitment,sustain,Sustain,general,Foundations / all sectors,medium,stat,Stat,Consultation and diagnostic offer,Help serious SMBs move faster.,Position as diagnostic support not fear-selling. Include scope outcomes and sample deliverables.,The best offer is clarity with a deadline.,Browse templates,https://saralprivacy.com/resources,,,,,,
88,2026-06-21,derived,Foundations,12,Convert awareness into commitment,sustain,Sustain,general,Foundations / all sectors,medium,playbook,Playbook,Partner and community amplification,Expand reach through communities advisors and ecosystem partners.,Give them ready-made posts PDFs and short webinar blurbs.,A strong message scales faster when others can carry it cleanly.,Browse templates,https://saralprivacy.com/resources,,,,,,
89,2026-06-22,derived,Foundations,12,Convert awareness into commitment,sustain,Sustain,general,Foundations / all sectors,medium,stat,Stat,Executive recap,Distill the whole campaign.,"Cover what DPDPA means, where SMB risk sits, what has to be done next, and why delay is costly.",A founder letter works when it sounds like responsibility not marketing.,Browse templates,https://saralprivacy.com/resources,,,,,,
90,2026-06-23,derived,Foundations,12,Convert awareness into commitment,sustain,Sustain,general,Foundations / all sectors,medium,playbook,Playbook,Campaign close and next step,End with momentum not applause.,"Invite users to book a diagnostic, download the toolkit, or join the next community session.",A campaign succeeds when the audience leaves with a next move.,Browse templates,https://saralprivacy.com/resources,,,,,,
91,2026-06-23,planned,Industry verticals,13,Industry data reality,assess,Assess,ca-firms,CA firms,high,stat,Stat,CA Firms: what personal data sits inside a CA firm,CA firms handle dense client and employee personal data.,"PAN, Aadhaar, bank statements, ITR files, payroll data, employee records, family details, contact details, and supporting documents often sit across folders, emails, practice tools, and WhatsApp.",A CA firm is not just a finance business. It is a personal data warehouse.,Map my data,https://saralprivacy.com/discovery,,,,,,
92,2026-06-24,planned,Industry verticals,13,Industry data reality,assess,Assess,ca-firms,CA firms,high,explainer,Explainer,CA Firms: where a CA firm collects personal data,Personal data enters at many points before work even begins.,"Client onboarding forms, tax documents, payroll inputs, audit requests, advisory questionnaires, and email attachments create data inflow from day one.",Data collection starts before service delivery starts.,Map my data,https://saralprivacy.com/discovery,,,,,,
93,2026-06-25,planned,Industry verticals,13,Industry data reality,assess,Assess,ca-firms,CA firms,high,explainer,Explainer,CA Firms: who touches client and employee data in a CA firm,Too many hands often touch the same records.,"Partners, article assistants, payroll staff, admins, IT support, cloud vendors, and external consultants may all access parts of the same personal data set.",The more people who touch the file the more discipline the file needs.,Map my data,https://saralprivacy.com/discovery,,,,,,
94,2026-06-26,planned,Industry verticals,13,Industry data reality,assess,Assess,ca-firms,CA firms,high,checklist,Checklist,CA Firms: DPDPA touchpoints in tax payroll audit and advisory workflows,DPDPA touches routine firm operations not just policy documents.,"Client notices, secure handling, limited sharing, grievance contact, correction requests, retention review, and deletion discipline can all arise during normal delivery.",Most privacy risk in a CA firm hides inside normal work.,Map my data,https://saralprivacy.com/discovery,,,,,,
95,2026-06-27,planned,Industry verticals,13,Industry data reality,assess,Assess,ca-firms,CA firms,high,checklist,Checklist,CA Firms: first data-discipline fixes for CA firms,Start with control not perfection.,"Restrict folder access, separate client and HR data, stop open-ended sharing, create a vendor list, define retention for old files, and name one owner.",A better file structure is often the first compliance step.,Map my data,https://saralprivacy.com/discovery,,,,,,
96,2026-06-28,planned,Industry verticals,14,Industry data reality,assess,Assess,recruitment,Recruitment firms,high,stat,Stat,Recruitment firms: what personal data sits inside a staffing firm,Staffing firms are built on personal data movement.,"Resumes, phone numbers, emails, salaries, notice periods, background verification details, interview notes, ID proofs, payroll inputs, and client feedback all sit inside the workflow.",A staffing firm runs on candidate data the way a factory runs on raw material.,Map my data,https://saralprivacy.com/discovery,,,,,,
97,2026-06-29,planned,Industry verticals,14,Industry data reality,assess,Assess,recruitment,Recruitment firms,high,explainer,Explainer,Recruitment firms: where candidate and client data enters the workflow,Data enters from many sources not one.,"Job portals, referral forms, career pages, recruiter calls, client mandates, email CVs, WhatsApp messages, interview forms, and onboarding documents all create intake points.",The first privacy problem is usually too many intake points.,Map my data,https://saralprivacy.com/discovery,,,,,,
98,2026-06-30,planned,Industry verticals,14,Industry data reality,assess,Assess,recruitment,Recruitment firms,high,explainer,Explainer,Recruitment firms: who touches resumes BGV data and placement records,Candidate data travels fast across teams and clients.,"Recruiters, account managers, BGV vendors, payroll teams, clients, coordinators, and staffing software tools may all access or copy records.",Every forwarded resume creates a new data control problem.,Map my data,https://saralprivacy.com/discovery,,,,,,
99,2026-07-01,planned,Industry verticals,14,Industry data reality,assess,Assess,recruitment,Recruitment firms,high,checklist,Checklist,Recruitment firms: DPDPA touchpoints in sourcing sharing and retention,Recruitment workflows create repeated privacy touchpoints.,"Consent language, candidate communication, client sharing, rejected profile retention, database reuse, grievance handling, and deletion expectations all become relevant.",Just because a resume was sent once does not mean it can be reused forever.,Map my data,https://saralprivacy.com/discovery,,,,,,
100,2026-07-02,planned,Industry verticals,14,Industry data reality,assess,Assess,recruitment,Recruitment firms,high,checklist,Checklist,Recruitment firms: first data-discipline fixes for staffing firms,Fix reuse and oversharing first.,"Track where candidate data came from, control client forwarding, review retention of rejected candidates, restrict old database access, and document vendor use.",Recruitment discipline begins with knowing who got the CV and why.,Map my data,https://saralprivacy.com/discovery,,,,,,
101,2026-07-03,planned,Industry verticals,15,Industry data reality,assess,Assess,training-institutes,Training institutes,medium,stat,Stat,Training institutes: what student parent and staff data is handled,"Education businesses hold data on students and families, not just learners.","Admissions records, parent contacts, fee data, attendance, test scores, app logins, photographs, WhatsApp group details, and staff HR records all create a layered data footprint.",A training institute holds family data not just student data.,Map my data,https://saralprivacy.com/discovery,,,,,,
102,2026-07-04,planned,Industry verticals,15,Industry data reality,assess,Assess,training-institutes,Training institutes,medium,explainer,Explainer,Training institutes: where admissions fee attendance and WhatsApp data enters,Data enters through every stage of the learning journey.,"Enquiry forms, admission forms, payment records, attendance systems, student apps, test portals, WhatsApp groups, and feedback forms all create personal data flows.",One student journey can create data in ten different places.,Map my data,https://saralprivacy.com/discovery,,,,,,
103,2026-07-05,planned,Industry verticals,15,Industry data reality,assess,Assess,training-institutes,Training institutes,medium,explainer,Explainer,Training institutes: who touches student and parent data,Academic and admin teams both touch sensitive records.,"Counsellors, admins, teachers, finance teams, app vendors, coordinators, photographers, and marketing teams may all see different pieces of the same student record.",When many teams touch the same child or parent record chaos becomes risk.,Map my data,https://saralprivacy.com/discovery,,,,,,
104,2026-07-06,planned,Industry verticals,15,Industry data reality,assess,Assess,training-institutes,Training institutes,medium,checklist,Checklist,Training institutes: DPDPA touchpoints in admissions communication and records,Education workflows need careful handling of notices and access.,"Admission forms, consent-style messaging, parent communication, grievance contact, correction requests, retention of inactive students, and vendor access all create touchpoints.",In education the record often outlives the classroom.,Map my data,https://saralprivacy.com/discovery,,,,,,
105,2026-07-07,planned,Industry verticals,15,Industry data reality,assess,Assess,training-institutes,Training institutes,medium,checklist,Checklist,Training institutes: first data-discipline fixes for training businesses,Start with visibility and access control.,"Map systems, restrict photo and student-file access, separate marketing lists from student records, review parent communication channels, and clean old inactive data.",Do not let the class WhatsApp group become the unofficial student database.,Map my data,https://saralprivacy.com/discovery,,,,,,
106,2026-07-08,planned,Industry verticals,16,Industry data reality,assess,Assess,d2c-brands,D2C brands,medium,stat,Stat,D2C brands: what customer and support data sits inside a D2C business,D2C brands collect personal data at almost every revenue touchpoint.,"Customer name, phone, email, shipping address, order history, payment-linked details, support chats, loyalty data, campaign engagement, and returns information all pile up quickly.",Every order is also a data event.,Map my data,https://saralprivacy.com/discovery,,,,,,
107,2026-07-09,planned,Industry verticals,16,Industry data reality,assess,Assess,d2c-brands,D2C brands,medium,explainer,Explainer,D2C brands: where website checkout support and marketing data enters,Data enters from browsing to post-sale support.,"Website forms, checkout pages, payment tools, CRM systems, WhatsApp support, email campaigns, ad platforms, and return forms all create separate data streams.",Growth tools collect data faster than founders realise.,Map my data,https://saralprivacy.com/discovery,,,,,,
108,2026-07-10,planned,Industry verticals,16,Industry data reality,assess,Assess,d2c-brands,D2C brands,medium,explainer,Explainer,D2C brands: who touches orders returns and campaign data,Commerce data is shared across many tools and teams.,"Founders, customer support, warehouse teams, agencies, CRM vendors, analytics tools, logistics partners, and finance teams may all access customer-linked information.",The customer record is usually spread across tools not stored in one place.,Map my data,https://saralprivacy.com/discovery,,,,,,
109,2026-07-11,planned,Industry verticals,16,Industry data reality,assess,Assess,d2c-brands,D2C brands,medium,checklist,Checklist,D2C brands: DPDPA touchpoints in lead capture campaigns and order support,D2C privacy issues are often marketing and support issues in disguise.,"Lead forms, campaign consent, customer communication, support exports, abandoned cart flows, returns handling, and retention of inactive users all create touchpoints.",Bad campaign hygiene can become a privacy problem long before it becomes a legal problem.,Map my data,https://saralprivacy.com/discovery,,,,,,
110,2026-07-12,planned,Industry verticals,16,Industry data reality,assess,Assess,d2c-brands,D2C brands,medium,checklist,Checklist,D2C brands: first data-discipline fixes for D2C brands,Fix forms lists and access first.,"Remove extra fields, review agency access, tighten CRM roles, document logistics sharing, separate marketing and transactional flows, and clean old campaign lists.",The fastest privacy win in D2C is often deleting useless data.,Map my data,https://saralprivacy.com/discovery,,,,,,
111,2026-07-13,planned,Industry verticals,17,Industry data reality,assess,Assess,clinics-labs,Clinics & labs,high,stat,Stat,Clinics and labs: what patient and billing data sits inside a clinic or lab,Clinics and labs hold some of the most trust-sensitive records in SMB India.,"Patient names, contact details, appointments, test requests, reports, prescriptions, billing records, payment details, and internal notes may exist across software and messaging tools.",In healthcare the record is part of the service itself.,Map my data,https://saralprivacy.com/discovery,,,,,,
112,2026-07-14,planned,Industry verticals,17,Industry data reality,assess,Assess,clinics-labs,Clinics & labs,high,explainer,Explainer,Clinics and labs: where reports diagnostics bookings and payments create data,"Data enters before, during, and after treatment or testing.","Booking calls, registration desks, lab forms, doctor consultations, report delivery, billing systems, and WhatsApp or SMS communication all create patient data flows.",A patient journey creates data at every step not just at registration.,Map my data,https://saralprivacy.com/discovery,,,,,,
113,2026-07-15,planned,Industry verticals,17,Industry data reality,assess,Assess,clinics-labs,Clinics & labs,high,explainer,Explainer,Clinics and labs: who touches patient data internally and externally,Healthcare data is often seen by more people than patients assume.,"Reception, doctors, lab technicians, billing staff, software vendors, report-sharing staff, collection partners, and IT support teams may all touch parts of the record.",A patient report should not travel like a normal office attachment.,Map my data,https://saralprivacy.com/discovery,,,,,,
114,2026-07-16,planned,Industry verticals,17,Industry data reality,assess,Assess,clinics-labs,Clinics & labs,high,checklist,Checklist,Clinics and labs: DPDPA touchpoints in patient communication and record handling,Patient communication creates privacy duties in practice.,"Notice, access control, report delivery, correction requests, grievance handling, vendor exposure, retention review, and incident response all matter in routine healthcare workflows.",In clinics privacy risk often enters through convenience channels.,Map my data,https://saralprivacy.com/discovery,,,,,,
115,2026-07-17,planned,Industry verticals,17,Industry data reality,assess,Assess,clinics-labs,Clinics & labs,high,checklist,Checklist,Clinics and labs: first data-discipline fixes for clinics and labs,Control report sharing and access first.,"Review who can send reports, reduce open folder access, document vendor tools, define retention for old records, and create a visible contact for patient concerns.",The first healthcare privacy fix is often who can send what to whom.,Map my data,https://saralprivacy.com/discovery,,,,,,
116,2026-07-18,planned,Industry verticals,18,Industry data reality,assess,Assess,schools-colleges,Schools & colleges,high,stat,Stat,Schools and colleges: what student parent teacher and admin data is held,Education institutions hold long-life records across many stakeholders.,"Admissions data, student profiles, parent contacts, attendance, fee records, academic performance, transport details, app data, photos, and staff records all add up.",A school record often follows a child for years.,Map my data,https://saralprivacy.com/discovery,,,,,,
117,2026-07-19,planned,Industry verticals,18,Industry data reality,assess,Assess,schools-colleges,Schools & colleges,high,explainer,Explainer,Schools and colleges: where admissions attendance fee and app data enters,Data enters through academic and admin systems together.,"Admission forms, ERP systems, parent apps, attendance tools, transport lists, exam systems, fee portals, and communication channels all create parallel data flows.",A school has more data systems than most parents imagine.,Map my data,https://saralprivacy.com/discovery,,,,,,
118,2026-07-20,planned,Industry verticals,18,Industry data reality,assess,Assess,schools-colleges,Schools & colleges,high,explainer,Explainer,Schools and colleges: who touches school and college personal data,Student data is shared across roles not departments alone.,"Admissions staff, teachers, admins, finance, transport coordinators, app vendors, counsellors, and external service providers may all access parts of the same student record.",When a student record crosses too many desks it starts losing control.,Map my data,https://saralprivacy.com/discovery,,,,,,
119,2026-07-21,planned,Industry verticals,18,Industry data reality,assess,Assess,schools-colleges,Schools & colleges,high,checklist,Checklist,Schools and colleges: DPDPA touchpoints in student lifecycle workflows,Every stage of the student journey creates a privacy touchpoint.,"Admission, communication, academic records, correction requests, grievance contact, parental communication, vendor access, and retention of former student records all matter.",In education data discipline must survive beyond the academic year.,Map my data,https://saralprivacy.com/discovery,,,,,,
120,2026-07-22,planned,Industry verticals,18,Industry data reality,assess,Assess,schools-colleges,Schools & colleges,high,checklist,Checklist,Schools and colleges: first data-discipline fixes for schools and colleges,Start with system mapping and role-based access.,"Map apps and vendors, separate academic and marketing data, review parent communication channels, restrict broad downloads, and define how old student records are reviewed.",Do not let convenience become the school’s data policy.,Map my data,https://saralprivacy.com/discovery,,,,,,
121,2026-07-23,planned,Industry verticals,19,Industry data reality,assess,Assess,law-firms,Law firms,high,stat,Stat,Law firms: what client and matter-linked personal data is handled,Legal practice holds deeply contextual personal data.,"Client identity records, case papers, evidence, witness details, contracts, employee records, billing data, and communication trails often sit across matter folders and emails.",A law firm handles more than documents. It handles lives inside documents.,Map my data,https://saralprivacy.com/discovery,,,,,,
122,2026-07-24,planned,Industry verticals,19,Industry data reality,assess,Assess,law-firms,Law firms,high,explainer,Explainer,Law firms: where legal onboarding matter work and document exchange creates data,Personal data enters throughout the life of the matter.,"KYC, engagement letters, pleadings, annexures, evidence files, advice emails, billing records, and court-related coordination all add to the file trail.",In legal work the file keeps growing long after onboarding.,Map my data,https://saralprivacy.com/discovery,,,,,,
123,2026-07-25,planned,Industry verticals,19,Industry data reality,assess,Assess,law-firms,Law firms,high,explainer,Explainer,Law firms: who touches client files evidence and support records,Client data often spreads wider than the client expects.,"Partners, associates, interns, clerks, litigation support staff, e-discovery tools, external counsel, and admin teams may all access matter-linked records.",The privilege of the profession does not remove the burden of discipline.,Map my data,https://saralprivacy.com/discovery,,,,,,
124,2026-07-26,planned,Industry verticals,19,Industry data reality,assess,Assess,law-firms,Law firms,high,checklist,Checklist,Law firms: DPDPA touchpoints in legal practice workflows,Legal workflows still need structured privacy discipline.,"Notice touchpoints, secure sharing, correction handling, grievance contact, vendor access, retention review, and incident response all appear inside normal matter management.",Legal sensitivity makes weak file practice more dangerous not less.,Map my data,https://saralprivacy.com/discovery,,,,,,
125,2026-07-27,planned,Industry verticals,19,Industry data reality,assess,Assess,law-firms,Law firms,high,checklist,Checklist,Law firms: first data-discipline fixes for law firms,Fix matter access and uncontrolled sharing first.,"Restrict shared drives, separate matter folders clearly, review intern access, document external tool use, and define retention review for closed matters.",A closed matter is not a free parking lot for old personal data.,Map my data,https://saralprivacy.com/discovery,,,,,,
126,2026-07-28,planned,Industry verticals,20,Industry data reality,assess,Assess,real-estate,Real estate firms,medium,stat,Stat,Real estate firms: what buyer seller tenant and lead data sits in the business,Property businesses handle high-volume identity and transaction-linked data.,"Lead forms, phone numbers, KYC documents, tenant records, seller details, site visit logs, agreement copies, and payment-linked communications all create a large data trail.",A property deal creates more personal data than most brokers realise.,Map my data,https://saralprivacy.com/discovery,,,,,,
127,2026-07-29,planned,Industry verticals,20,Industry data reality,assess,Assess,real-estate,Real estate firms,medium,explainer,Explainer,Real estate firms: where KYC site visits broker forms and agreement flows create data,Data enters through the full property journey.,"Enquiry calls, site visit bookings, WhatsApp sharing, KYC collection, broker notes, agreement drafts, token payment records, and tenant onboarding all create intake points.",The first data risk in real estate is usually informal sharing.,Map my data,https://saralprivacy.com/discovery,,,,,,
128,2026-07-30,planned,Industry verticals,20,Industry data reality,assess,Assess,real-estate,Real estate firms,medium,explainer,Explainer,Real estate firms: who touches property lead and transaction data,Lead data moves across people quickly and informally.,"Brokers, channel partners, office admins, landlords, tenants, finance teams, legal drafters, and CRM tools may all touch the same file.",Every shared lead sheet is a privacy control test.,Map my data,https://saralprivacy.com/discovery,,,,,,
129,2026-07-31,planned,Industry verticals,20,Industry data reality,assess,Assess,real-estate,Real estate firms,medium,checklist,Checklist,Real estate firms: DPDPA touchpoints in brokerage and property operations,Brokerage workflows create repeated privacy exposure points.,"Notice touchpoints, client communication, KYC handling, correction requests, grievance contact, vendor exposure, and retention review all arise inside ordinary business.",Property sales may close in months but the data often stays for years.,Map my data,https://saralprivacy.com/discovery,,,,,,
130,2026-08-01,planned,Industry verticals,20,Industry data reality,assess,Assess,real-estate,Real estate firms,medium,checklist,Checklist,Real estate firms: first data-discipline fixes for real estate firms,Control lead sharing and KYC sprawl first.,"Review who gets lead sheets, restrict document downloads, centralise agreement files, stop uncontrolled WhatsApp forwarding, and define data review for old prospects.",Real estate privacy discipline starts by shrinking the informal network.,Map my data,https://saralprivacy.com/discovery,,,,,,
131,2026-08-02,planned,Industry verticals,21,Industry data reality,assess,Assess,hospitality,Hospitality businesses,medium,stat,Stat,Hospitality businesses: what guest and booking data is handled,Hospitality firms collect identity and stay-linked data at scale.,"Guest names, phone numbers, email IDs, booking records, check-in details, invoices, support requests, loyalty data, and travel-linked information may all sit across systems.",Every booking creates both a stay record and a data trail.,Map my data,https://saralprivacy.com/discovery,,,,,,
132,2026-08-03,planned,Industry verticals,21,Industry data reality,assess,Assess,hospitality,Hospitality businesses,medium,explainer,Explainer,Hospitality businesses: where booking check-in OTA invoice and support data enters,Guest data enters through many channels not one front desk.,"Direct website bookings, OTAs, reception desks, ID collection, support calls, food orders, billing systems, and post-stay feedback all create flows.",Hospitality data starts online before the guest even walks in.,Map my data,https://saralprivacy.com/discovery,,,,,,
133,2026-08-04,planned,Industry verticals,21,Industry data reality,assess,Assess,hospitality,Hospitality businesses,medium,explainer,Explainer,Hospitality businesses: who touches guest records and travel-linked information,Guest records are touched by more roles than most guests see.,"Front desk teams, reservation staff, housekeeping coordinators, finance, travel partners, OTA-linked systems, support desks, and IT vendors may all access elements of the guest record.",A guest file should not become a staff-wide open book.,Map my data,https://saralprivacy.com/discovery,,,,,,
134,2026-08-05,planned,Industry verticals,21,Industry data reality,assess,Assess,hospitality,Hospitality businesses,medium,checklist,Checklist,Hospitality businesses: DPDPA touchpoints in booking and guest-service workflows,Guest service workflows create practical privacy duties.,"Notice touchpoints, identity handling, grievance contact, correction requests, secure sharing, vendor exposure, retention review, and incident response all matter.",The warmest guest experience still needs a disciplined back office.,Map my data,https://saralprivacy.com/discovery,,,,,,
135,2026-08-06,planned,Industry verticals,21,Industry data reality,assess,Assess,hospitality,Hospitality businesses,medium,checklist,Checklist,Hospitality businesses: first data-discipline fixes for hospitality businesses,Fix guest record visibility and sharing first.,"Review who sees booking data, control ID copy access, document OTA and vendor flows, define retention review, and centralise guest communication records.",Good hospitality does not require loose data handling.,Map my data,https://saralprivacy.com/discovery,,,,,,
136,2026-08-07,planned,Industry verticals,22,Industry data reality,assess,Assess,pharmacies,Pharmacies,high,stat,Stat,Pharmacies: what prescription order and customer data is handled,Pharmacies hold customer data linked to medicine and fulfilment.,"Customer names, phone numbers, addresses, prescription uploads, medicine orders, delivery details, support chats, and repeat-order histories often sit in multiple systems.",A medicine order is also a personal data event.,Map my data,https://saralprivacy.com/discovery,,,,,,
137,2026-08-08,planned,Industry verticals,22,Industry data reality,assess,Assess,pharmacies,Pharmacies,high,explainer,Explainer,Pharmacies: where medicine orders prescription uploads and delivery data enters,"Data enters through order, verification, and fulfilment flows.","Walk-in counters, websites, apps, WhatsApp orders, prescription uploads, call support, and delivery coordination all create data collection points.",Convenience ordering can quietly multiply privacy risk.,Map my data,https://saralprivacy.com/discovery,,,,,,
138,2026-08-09,planned,Industry verticals,22,Industry data reality,assess,Assess,pharmacies,Pharmacies,high,explainer,Explainer,Pharmacies: who touches pharmacy customer and prescription-linked data,Order fulfilment spreads data across teams and vendors.,"Pharmacists, cashiers, delivery staff, support teams, platform vendors, call centres, and tech providers may all access customer-linked records.",Every extra hand in the order chain needs a clear reason.,Map my data,https://saralprivacy.com/discovery,,,,,,
139,2026-08-10,planned,Industry verticals,22,Industry data reality,assess,Assess,pharmacies,Pharmacies,high,checklist,Checklist,Pharmacies: DPDPA touchpoints in order fulfilment and support flows,Pharmacy workflows create specific data handling expectations.,"Notice touchpoints, prescription handling, customer communication, grievance contact, correction requests, vendor exposure, retention review, and incident planning all matter.",Pharmacy privacy risk often grows inside support and fulfilment not just at checkout.,Map my data,https://saralprivacy.com/discovery,,,,,,
140,2026-08-11,planned,Industry verticals,22,Industry data reality,assess,Assess,pharmacies,Pharmacies,high,checklist,Checklist,Pharmacies: first data-discipline fixes for pharmacies,Fix prescription visibility and order-sharing first.,"Restrict access to uploaded prescriptions, centralise order records, review delivery partner sharing, define retention review, and reduce informal messaging-based handling.",The safest pharmacy workflow is the one that leaves the fewest loose copies behind.,Map my data,https://saralprivacy.com/discovery,,,,,,
141,2026-08-12,planned,Industry verticals,23,Industry compliance touchpoints,fix,Fix,nbfc,NBFCs,high,explainer,Explainer,NBFCs: notice touchpoints in loan onboarding and servicing flows,Notice must show up where customer data is actually collected and used.,"Lead forms, KYC intake, loan applications, repayment support, collections communication, and servicing channels all create points where the customer should understand what data is being collected and why.",A notice is useful only if it appears where the data enters the business.,Get the checklist,https://saralprivacy.com/resources,,,,,,
142,2026-08-13,planned,Industry verticals,23,Industry compliance touchpoints,fix,Fix,nbfc,NBFCs,high,explainer,Explainer,NBFCs: data-use and customer communication touchpoints,Customer communication creates repeated data-handling moments.,"Application updates, repayment reminders, call-centre interactions, verification calls, and support tickets all involve use of personal data across internal teams and service partners.",Every customer communication trail is also a data-use trail.,Get the checklist,https://saralprivacy.com/resources,,,,,,
143,2026-08-14,planned,Industry verticals,23,Industry compliance touchpoints,fix,Fix,nbfc,NBFCs,high,checklist,Checklist,NBFCs: security safeguards and processor exposure,Loan businesses depend on tools and partners that expand exposure.,"LOS platforms, KYC vendors, call centres, collection partners, cloud tools, CRM systems, and analytics vendors may all handle borrower-linked personal data and therefore require disciplined control.",The bigger the processor chain the tighter the control chain must be.,Get the checklist,https://saralprivacy.com/resources,,,,,,
144,2026-08-15,planned,Industry verticals,23,Industry compliance touchpoints,fix,Fix,nbfc,NBFCs,high,checklist,Checklist,NBFCs: rights grievance and response channels,Customers need a clear route for questions and complaints.,"A practical setup needs a published contact path, an internal escalation path, and a response rhythm for data-related concerns, correction requests, and grievance handling.",A grievance channel is not decoration. It is operating infrastructure.,Get the checklist,https://saralprivacy.com/resources,,,,,,
145,2026-08-16,planned,Industry verticals,23,Industry compliance touchpoints,fix,Fix,nbfc,NBFCs,high,playbook,Playbook,NBFCs: retention erasure and breach-response planning,Data should not sit forever without purpose review.,"Loan records, rejected applications, closed accounts, support logs, and archived communications all need structured review, while incident escalation should be defined before a problem occurs.",Old borrower data is still live risk if nobody reviews it.,Get the checklist,https://saralprivacy.com/resources,,,,,,
146,2026-08-17,planned,Industry verticals,24,Industry compliance touchpoints,fix,Fix,insurance-brokers,Insurance brokers,high,explainer,Explainer,Insurance brokers: notice touchpoints in lead proposal and servicing journeys,Insurance workflows collect data long before policy issuance.,"Lead forms, proposal intake, insurer communication, KYC, policy servicing, renewals, and claims support all create points where individuals should understand what data is being handled.",The proposal stage is already a privacy stage.,Get the checklist,https://saralprivacy.com/resources,,,,,,
147,2026-08-18,planned,Industry verticals,24,Industry compliance touchpoints,fix,Fix,insurance-brokers,Insurance brokers,high,explainer,Explainer,Insurance brokers: data-use and communication touchpoints,Broker communication depends on personal data movement.,"Calls, proposal sharing, insurer coordination, renewal reminders, claims assistance, and CRM-based follow-ups create repeated personal data usage across parties.",A broker’s communication trail can be longer than the policy journey itself.,Get the checklist,https://saralprivacy.com/resources,,,,,,
148,2026-08-19,planned,Industry verticals,24,Industry compliance touchpoints,fix,Fix,insurance-brokers,Insurance brokers,high,checklist,Checklist,Insurance brokers: security safeguards and processor exposure,Insurance distribution relies on multiple external systems and partners.,"CRM tools, insurer portals, proposal tools, email trails, agency systems, telecalling support, and third-party processors can all increase exposure if controls are weak.",Insurance data travels through more systems than the customer sees.,Get the checklist,https://saralprivacy.com/resources,,,,,,
149,2026-08-20,planned,Industry verticals,24,Industry compliance touchpoints,fix,Fix,insurance-brokers,Insurance brokers,high,checklist,Checklist,Insurance brokers: rights grievance and customer response channels,Policyholders need a visible and workable escalation path.,"Questions about data handling, correction, communication preferences, and complaints should not disappear into sales follow-up. They need ownership and internal routing.",A visible response path builds more trust than a glossy brochure.,Get the checklist,https://saralprivacy.com/resources,,,,,,
150,2026-08-21,planned,Industry verticals,24,Industry compliance touchpoints,fix,Fix,insurance-brokers,Insurance brokers,high,playbook,Playbook,Insurance brokers: retention erasure and breach-response planning,Proposal and servicing records need lifecycle discipline.,"Unissued proposals, old policy records, renewal databases, claim-support documents, and archived communications should not remain untouched indefinitely, and breach escalation needs named owners.",Insurance records age quietly but risk does not.,Get the checklist,https://saralprivacy.com/resources,,,,,,
151,2026-08-22,planned,Industry verticals,25,Industry compliance touchpoints,fix,Fix,manufacturing,Manufacturing firms,medium,explainer,Explainer,Manufacturing firms: notice touchpoints in employee contractor visitor and vendor data,Manufacturing privacy touchpoints are often workforce and site-driven.,"Hiring forms, contractor onboarding, visitor logs, attendance systems, medical checks, transport records, and vendor interactions create recurring collection points.",A factory gate can be a data-collection point too.,Get the checklist,https://saralprivacy.com/resources,,,,,,
152,2026-08-23,planned,Industry verticals,25,Industry compliance touchpoints,fix,Fix,manufacturing,Manufacturing firms,medium,explainer,Explainer,Manufacturing firms: data-use and internal movement touchpoints,Operational systems move workforce data across functions.,"HR, admin, security, plant operations, EHS teams, payroll, transport, and vendor management often share records across systems and spreadsheets.","In manufacturing, personal data often moves with operations not meetings.",Get the checklist,https://saralprivacy.com/resources,,,,,,
153,2026-08-24,planned,Industry verticals,25,Industry compliance touchpoints,fix,Fix,manufacturing,Manufacturing firms,medium,checklist,Checklist,Manufacturing firms: security safeguards and processor exposure,Industrial businesses often underestimate digital exposure in routine processes.,"Attendance vendors, payroll processors, security system providers, ERP users, facility contractors, and cloud storage tools can all sit in the exposure chain.","The plant may be physical, but the privacy risk is often digital.",Get the checklist,https://saralprivacy.com/resources,,,,,,
154,2026-08-25,planned,Industry verticals,25,Industry compliance touchpoints,fix,Fix,manufacturing,Manufacturing firms,medium,checklist,Checklist,Manufacturing firms: rights grievance and workforce response channels,Employees and contractors need a functional response path.,"Data-related concerns should have a named contact, escalation owner, and handling path across HR, admin, security, and legal or compliance functions.",If nobody knows where to send the question the question becomes a risk.,Get the checklist,https://saralprivacy.com/resources,,,,,,
155,2026-08-26,planned,Industry verticals,25,Industry compliance touchpoints,fix,Fix,manufacturing,Manufacturing firms,medium,playbook,Playbook,Manufacturing firms: retention erasure and breach-response planning,"Visitor, employee, and contractor data needs review, not endless storage.","Old logs, contractor records, security extracts, medical records, and archived workforce files should be reviewed by purpose and need, while incident handling must be pre-defined.",Operational data becomes liability when it outlives its purpose.,Get the checklist,https://saralprivacy.com/resources,,,,,,
156,2026-08-27,planned,Industry verticals,26,Industry compliance touchpoints,fix,Fix,logistics,Logistics firms,medium,explainer,Explainer,Logistics firms: notice touchpoints in driver shipment and workforce data,Logistics businesses collect data through movement and coordination.,"Driver onboarding, shipment records, tracking tools, customer service, warehouse access, delivery logs, and workforce management all create notice-relevant points.","In logistics, the route of data matters as much as the route of goods.",Get the checklist,https://saralprivacy.com/resources,,,,,,
157,2026-08-28,planned,Industry verticals,26,Industry compliance touchpoints,fix,Fix,logistics,Logistics firms,medium,explainer,Explainer,Logistics firms: data-use and movement tracking touchpoints,Tracking systems create continuous data use.,"Dispatch updates, tracking dashboards, delivery confirmation, customer support, driver communication, and escalation calls all involve repeated processing of personal data.",A live tracking workflow is also a live data workflow.,Get the checklist,https://saralprivacy.com/resources,,,,,,
158,2026-08-29,planned,Industry verticals,26,Industry compliance touchpoints,fix,Fix,logistics,Logistics firms,medium,checklist,Checklist,Logistics firms: security safeguards and processor exposure,Logistics data flows through many systems and service providers.,"Fleet tools, tracking vendors, warehouse systems, customer portals, outsourced support teams, and contractor networks can all widen exposure.",Every logistics handoff can also be a data handoff.,Get the checklist,https://saralprivacy.com/resources,,,,,,
159,2026-08-30,planned,Industry verticals,26,Industry compliance touchpoints,fix,Fix,logistics,Logistics firms,medium,checklist,Checklist,Logistics firms: rights grievance and response channels,Customers and workers need a clear path for data-related concerns.,"Grievance handling should cover driver records, customer support issues, contact updates, and escalation ownership across ops and service teams.",A response channel is only real if operations knows how to use it.,Get the checklist,https://saralprivacy.com/resources,,,,,,
160,2026-08-31,planned,Industry verticals,26,Industry compliance touchpoints,fix,Fix,logistics,Logistics firms,medium,playbook,Playbook,Logistics firms: retention erasure and breach-response planning,Movement data can pile up quietly.,"Delivery records, driver files, support logs, customer updates, and archived tracking data need periodic review, while incident response must identify who acts first.",Tracking data left unchecked becomes historical risk with excellent detail.,Get the checklist,https://saralprivacy.com/resources,,,,,,
161,2026-09-01,planned,Industry verticals,27,Industry compliance touchpoints,fix,Fix,retail,Retail chains,medium,explainer,Explainer,Retail chains: notice touchpoints in loyalty billing and support workflows,Retail privacy touchpoints start at the counter and continue after purchase.,"Loyalty enrolment, billing details, support tickets, return requests, invoice history, and customer communication channels create repeated notice moments.",The cash counter can also be a data collection desk.,Get the checklist,https://saralprivacy.com/resources,,,,,,
162,2026-09-02,planned,Industry verticals,27,Industry compliance touchpoints,fix,Fix,retail,Retail chains,medium,explainer,Explainer,Retail chains: data-use and customer communication touchpoints,Customer data is reused across service and marketing flows.,"SMS updates, loyalty communication, return handling, campaign lists, customer support, and store-level follow-up can all involve personal data reuse.",Retail data often moves farther than the sale itself.,Get the checklist,https://saralprivacy.com/resources,,,,,,
163,2026-09-03,planned,Industry verticals,27,Industry compliance touchpoints,fix,Fix,retail,Retail chains,medium,checklist,Checklist,Retail chains: security safeguards and processor exposure,Retail systems depend on multiple processors and frontline access.,"POS vendors, CRM tools, loyalty providers, payment-linked systems, franchise operators, and customer support partners may all expand exposure.",Frontline convenience needs backend control.,Get the checklist,https://saralprivacy.com/resources,,,,,,
164,2026-09-04,planned,Industry verticals,27,Industry compliance touchpoints,fix,Fix,retail,Retail chains,medium,checklist,Checklist,Retail chains: rights grievance and customer response channels,Store and central teams both need response discipline.,"Data-related complaints, correction requests, and support issues should not get lost between stores, CRM teams, and call centres.",Customers notice when the store and the system tell different stories.,Get the checklist,https://saralprivacy.com/resources,,,,,,
165,2026-09-05,planned,Industry verticals,27,Industry compliance touchpoints,fix,Fix,retail,Retail chains,medium,playbook,Playbook,Retail chains: retention erasure and breach-response planning,Loyalty and support records need periodic review.,"Old member databases, purchase-linked support logs, return records, and archived customer extracts should be reviewed, while incident escalation must be defined across store and head-office teams.",A retail database ages faster than most retailers think.,Get the checklist,https://saralprivacy.com/resources,,,,,,
166,2026-09-06,planned,Industry verticals,28,Industry compliance touchpoints,fix,Fix,restaurants,Restaurants & cloud kitchens,medium,explainer,Explainer,Restaurants and cloud kitchens: notice touchpoints in ordering delivery and feedback flows,Food businesses collect data across ordering and fulfilment channels.,"Ordering apps, direct calls, dine-in systems, delivery platforms, feedback forms, billing data, and support channels all create moments where personal data is collected or used.",An order ticket can carry more personal data than the kitchen realises.,Get the checklist,https://saralprivacy.com/resources,,,,,,
167,2026-09-07,planned,Industry verticals,28,Industry compliance touchpoints,fix,Fix,restaurants,Restaurants & cloud kitchens,medium,explainer,Explainer,Restaurants and cloud kitchens: data-use and customer communication touchpoints,Customer contact data fuels fulfilment and repeat business.,"Order updates, delivery coordination, complaint handling, feedback requests, offers, and repeat-order nudges all depend on personal data movement.","In food delivery, speed often outruns discipline.",Get the checklist,https://saralprivacy.com/resources,,,,,,
168,2026-09-08,planned,Industry verticals,28,Industry compliance touchpoints,fix,Fix,restaurants,Restaurants & cloud kitchens,medium,checklist,Checklist,Restaurants and cloud kitchens: security safeguards and processor exposure,Food-tech operations rely on many external systems.,"Delivery apps, POS tools, CRM systems, franchise models, support vendors, and payment-linked processors can all widen the exposure chain.",The more platforms in the order flow the more privacy discipline you need.,Get the checklist,https://saralprivacy.com/resources,,,,,,
169,2026-09-09,planned,Industry verticals,28,Industry compliance touchpoints,fix,Fix,restaurants,Restaurants & cloud kitchens,medium,checklist,Checklist,Restaurants and cloud kitchens: rights grievance and customer response channels,"Customer concerns need one clear path, not platform confusion.","Data-related questions, contact updates, and complaints can arise through stores, apps, support teams, or aggregator-linked channels and need coordination.",Support confusion becomes trust damage very quickly in food businesses.,Get the checklist,https://saralprivacy.com/resources,,,,,,
170,2026-09-10,planned,Industry verticals,28,Industry compliance touchpoints,fix,Fix,restaurants,Restaurants & cloud kitchens,medium,playbook,Playbook,Restaurants and cloud kitchens: retention erasure and breach-response planning,Order history and contact records need review.,"Archived order databases, support logs, campaign lists, feedback records, and delivery-linked extracts should be reviewed by purpose, while breach response must be rehearsed.",Old order data is not harmless just because dinner is over.,Get the checklist,https://saralprivacy.com/resources,,,,,,
171,2026-09-11,planned,Industry verticals,29,Industry compliance touchpoints,fix,Fix,fitness-wellness,Fitness & wellness,high,explainer,Explainer,Fitness and wellness: notice touchpoints in membership and booking flows,Membership businesses collect more personal data than many owners expect.,"Joining forms, app registrations, trainer bookings, health-linked disclosures, attendance systems, payment records, and support interactions all create notice touchpoints.",A membership form is often the first privacy contract in the business.,Get the checklist,https://saralprivacy.com/resources,,,,,,
172,2026-09-12,planned,Industry verticals,29,Industry compliance touchpoints,fix,Fix,fitness-wellness,Fitness & wellness,high,explainer,Explainer,Fitness and wellness: data-use and communication touchpoints,Service communication can become broad data reuse.,"Class reminders, trainer updates, renewal messages, offers, attendance tracking, and member support all use personal data across teams and tools.",Wellness communication needs discipline as much as warmth.,Get the checklist,https://saralprivacy.com/resources,,,,,,
173,2026-09-13,planned,Industry verticals,29,Industry compliance touchpoints,fix,Fix,fitness-wellness,Fitness & wellness,high,checklist,Checklist,Fitness and wellness: security safeguards and processor exposure,Gym and wellness data often sits across apps and local teams.,"Booking tools, trainer apps, membership software, reception systems, franchise operators, and outsourced support may all expand exposure.",A boutique service can still have enterprise-style data sprawl.,Get the checklist,https://saralprivacy.com/resources,,,,,,
174,2026-09-14,planned,Industry verticals,29,Industry compliance touchpoints,fix,Fix,fitness-wellness,Fitness & wellness,high,checklist,Checklist,Fitness and wellness: rights grievance and customer response channels,Members need a visible and simple response route.,"Questions about stored details, support complaints, communication preferences, and correction requests should not disappear between trainers and front desk teams.","The smoother the member experience, the clearer the response path should be.",Get the checklist,https://saralprivacy.com/resources,,,,,,
175,2026-09-15,planned,Industry verticals,29,Industry compliance touchpoints,fix,Fix,fitness-wellness,Fitness & wellness,high,playbook,Playbook,Fitness and wellness: retention erasure and breach-response planning,Inactive member records often sit too long.,"Old member files, booking histories, app data, trainer notes, and support interactions should be reviewed, while incident escalation needs named roles.",An expired membership should not mean endless storage.,Get the checklist,https://saralprivacy.com/resources,,,,,,
176,2026-09-16,planned,Industry verticals,30,Industry compliance touchpoints,fix,Fix,it-saas,IT services & SaaS,medium,explainer,Explainer,IT services and SaaS startups: notice touchpoints in onboarding product use and support,Digital businesses collect and use data continuously.,"Account creation, admin onboarding, support tickets, usage forms, contact updates, demos, and product communication all create notice-relevant points.","In SaaS, notice is not a one-page event. It is a product journey issue.",Get the checklist,https://saralprivacy.com/resources,,,,,,
177,2026-09-17,planned,Industry verticals,30,Industry compliance touchpoints,fix,Fix,it-saas,IT services & SaaS,medium,explainer,Explainer,IT services and SaaS startups: data-use and product communication touchpoints,Product operations depend on repeated data handling.,"Usage communication, account management, support, analytics-linked workflows, incident tickets, training sessions, and customer success notes all involve personal data use.",A fast-moving product team can create privacy drift without noticing it.,Get the checklist,https://saralprivacy.com/resources,,,,,,
178,2026-09-18,planned,Industry verticals,30,Industry compliance touchpoints,fix,Fix,it-saas,IT services & SaaS,medium,checklist,Checklist,IT services and SaaS startups: security safeguards and processor exposure,Cloud-native businesses depend on layered processor chains.,"Hosting providers, support tools, analytics vendors, CRM systems, chat tools, contractors, and developer access patterns can all expand exposure.",Cloud scale does not excuse access sprawl.,Get the checklist,https://saralprivacy.com/resources,,,,,,
179,2026-09-19,planned,Industry verticals,30,Industry compliance touchpoints,fix,Fix,it-saas,IT services & SaaS,medium,checklist,Checklist,IT services and SaaS startups: rights grievance and user response channels,User trust depends on a working response system.,"Data-related queries, correction requests, account issues, and complaints should have a clear route across product, support, and operations teams.",A helpdesk without ownership becomes a privacy sinkhole.,Get the checklist,https://saralprivacy.com/resources,,,,,,
180,2026-09-20,planned,Industry verticals,30,Industry compliance touchpoints,fix,Fix,it-saas,IT services & SaaS,medium,playbook,Playbook,IT services and SaaS startups: retention erasure and breach-response planning,Product and support data needs structured lifecycle review.,"Inactive accounts, support archives, exported user data, admin backups, and integration logs should be reviewed, while breach escalation must be tested not assumed.",Digital businesses generate data faster than they delete it.,Get the checklist,https://saralprivacy.com/resources,,,,,,
181,2026-09-21,planned,Industry verticals,31,Industry compliance touchpoints,fix,Fix,marketing-agencies,Marketing agencies,medium,explainer,Explainer,Marketing agencies: notice touchpoints in campaign and lead workflows,Agencies often collect and use data on behalf of clients.,"Lead forms, campaign landing pages, ad-platform syncs, CRM uploads, event registrations, and nurture flows all create touchpoints where clarity matters.",The landing page is often the first compliance moment in the campaign.,Get the checklist,https://saralprivacy.com/resources,,,,,,
182,2026-09-22,planned,Industry verticals,31,Industry compliance touchpoints,fix,Fix,marketing-agencies,Marketing agencies,medium,explainer,Explainer,Marketing agencies: data-use and client communication touchpoints,Agencies reuse and move lead data across multiple systems.,"List uploads, retargeting, reporting dashboards, performance calls, list cleaning, and tool-to-tool movement all involve data handling that should be disciplined.",Marketing data moves fastest when nobody slows it down to ask why.,Get the checklist,https://saralprivacy.com/resources,,,,,,
183,2026-09-23,planned,Industry verticals,31,Industry compliance touchpoints,fix,Fix,marketing-agencies,Marketing agencies,medium,checklist,Checklist,Marketing agencies: security safeguards and processor exposure,Agency stacks can become processor jungles.,"Ad tools, CRM platforms, landing-page builders, email systems, freelancers, analytics tools, and client-shared folders all widen exposure.",An agency’s real privacy risk often lives in its tool stack.,Get the checklist,https://saralprivacy.com/resources,,,,,,
184,2026-09-24,planned,Industry verticals,31,Industry compliance touchpoints,fix,Fix,marketing-agencies,Marketing agencies,medium,checklist,Checklist,Marketing agencies: rights grievance and user response channels,Lead complaints should not bounce between client and agency.,"Data-related concerns, unsubscribe confusion, contact corrections, and support escalations need a defined handling model between the agency and the brand.",Shared responsibility needs clear routing or everyone points at everyone.,Get the checklist,https://saralprivacy.com/resources,,,,,,
185,2026-09-25,planned,Industry verticals,31,Industry compliance touchpoints,fix,Fix,marketing-agencies,Marketing agencies,medium,playbook,Playbook,Marketing agencies: retention erasure and breach-response planning,Old campaign data often lingers long after the campaign is over.,"Archived leads, historical dashboards, test lists, agency-side exports, and old client folders should be reviewed, while incident paths must include client notification discipline.",When the campaign ends the data question does not end automatically.,Get the checklist,https://saralprivacy.com/resources,,,,,,
186,2026-09-26,planned,Industry verticals,32,Industry compliance touchpoints,fix,Fix,consultancies-bpo,Consultancies & BPOs,medium,explainer,Explainer,Consultancies and BPOs: notice touchpoints in client delivery and staffing flows,"Service businesses collect data through delivery, staffing, and operations.","Client onboarding, project staffing, timesheets, support interactions, candidate records, admin workflows, and communication channels all create notice-relevant points.",Service delivery often hides more data collection than sales.,Get the checklist,https://saralprivacy.com/resources,,,,,,
187,2026-09-27,planned,Industry verticals,32,Industry compliance touchpoints,fix,Fix,consultancies-bpo,Consultancies & BPOs,medium,explainer,Explainer,Consultancies and BPOs: data-use and communication touchpoints,People-heavy service models move personal data constantly.,"Client updates, staffing emails, project trackers, timesheet systems, vendor coordination, performance reviews, and support tickets all involve repeated use.",In service businesses the workflow is the data flow.,Get the checklist,https://saralprivacy.com/resources,,,,,,
188,2026-09-28,planned,Industry verticals,32,Industry compliance touchpoints,fix,Fix,consultancies-bpo,Consultancies & BPOs,medium,checklist,Checklist,Consultancies and BPOs: security safeguards and processor exposure,Service firms rely on layered access across people and tools.,"Timesheet tools, HR systems, client folders, project platforms, subcontractors, freelancers, and cloud collaboration stacks can all widen exposure.",The more delivery hands you add the more control you must add.,Get the checklist,https://saralprivacy.com/resources,,,,,,
189,2026-09-29,planned,Industry verticals,32,Industry compliance touchpoints,fix,Fix,consultancies-bpo,Consultancies & BPOs,medium,checklist,Checklist,Consultancies and BPOs: rights grievance and response channels,Employees clients and candidates all need a clear path.,"Data-related concerns should have routing across HR, client delivery, operations, and leadership instead of sitting inside inbox chains.",A response channel is only useful if teams know whose job it is.,Get the checklist,https://saralprivacy.com/resources,,,,,,
190,2026-09-30,planned,Industry verticals,32,Industry compliance touchpoints,fix,Fix,consultancies-bpo,Consultancies & BPOs,medium,playbook,Playbook,Consultancies and BPOs: retention erasure and breach-response planning,Project data and people data need separate review discipline.,"Old project folders, candidate databases, staffing records, support logs, and archived client extracts should be reviewed by purpose, with breach roles defined across ops and leadership.",Service archives become silent risk when nobody owns review.,Get the checklist,https://saralprivacy.com/resources,,,,,,
191,2026-10-01,planned,Industry verticals,33,Industry response packs,sustain,Sustain,hospitals,Hospitals & healthcare,high,checklist,Checklist,Hospitals and healthcare groups: notice checklist for patient and attendant data,Healthcare notices must match real patient-facing collection points.,"Registration desks, appointment forms, admission paperwork, diagnostic intake, billing counters, patient apps, and report delivery channels all collect personal data and need clear, usable notice language.",A hospital notice should meet the patient where the data begins.,Browse templates,https://saralprivacy.com/resources,,,,,,
192,2026-10-02,planned,Industry verticals,33,Industry response packs,sustain,Sustain,hospitals,Hospitals & healthcare,high,playbook,Playbook,Hospitals and healthcare groups: rights and grievance response path,Patients need a visible route for data-related concerns.,"Questions about records, corrections, communication, complaints, and grievance escalation should move through a documented path across front office, admin, compliance, and leadership.",Trust rises when the complaint path is clear before the complaint arrives.,Browse templates,https://saralprivacy.com/resources,,,,,,
193,2026-10-03,planned,Industry verticals,33,Industry response packs,sustain,Sustain,hospitals,Hospitals & healthcare,high,playbook,Playbook,Hospitals and healthcare groups: internal ownership matrix,Healthcare privacy needs clear role split across medical and admin teams.,"Define who owns registration data, report access, billing records, patient communication, vendor access, grievance handling, and incident escalation.",A hospital cannot protect data with a job title called everyone.,Browse templates,https://saralprivacy.com/resources,,,,,,
194,2026-10-04,planned,Industry verticals,33,Industry response packs,sustain,Sustain,hospitals,Hospitals & healthcare,high,checklist,Checklist,Hospitals and healthcare groups: vendor and processor review checklist,Healthcare vendors can widen patient-data exposure fast.,"Lab software vendors, hospital systems, billing processors, report delivery tools, cloud storage, outsourced support, and collection partners should be reviewed through one standard checklist.",Every healthcare vendor touching patient data should pass one serious question: why do they need it.,Browse templates,https://saralprivacy.com/resources,,,,,,
195,2026-10-05,planned,Industry verticals,33,Industry response packs,sustain,Sustain,hospitals,Hospitals & healthcare,high,playbook,Playbook,Hospitals and healthcare groups: breach-response mini playbook,Healthcare incidents need speed and structure.,"Define what counts as an incident, who spots it, who escalates it, who investigates it, who communicates internally, and who owns external response steps.",In healthcare a delayed response can damage trust twice: once in the incident and once in the silence.,Browse templates,https://saralprivacy.com/resources,,,,,,
196,2026-10-06,planned,Industry verticals,34,Industry response packs,sustain,Sustain,edtech,Edtech & online learning,high,checklist,Checklist,Edtech and online learning: notice checklist for student parent and learner data,Edtech notices must cover the full learner journey.,"Signup forms, parent onboarding, demo classes, fee payment, learning platforms, doubt support, recordings, and communication channels all create notice points that should be explained clearly.",A learner journey without a clear notice becomes a silent data trail.,Browse templates,https://saralprivacy.com/resources,,,,,,
197,2026-10-07,planned,Industry verticals,34,Industry response packs,sustain,Sustain,edtech,Edtech & online learning,high,playbook,Playbook,Edtech and online learning: rights and grievance response path,Student and parent concerns need one clean response lane.,"Correction requests, access questions, communication complaints, and data-related grievances should not bounce between support, academics, and admin.",The best grievance path is the one parents do not have to chase.,Browse templates,https://saralprivacy.com/resources,,,,,,
198,2026-10-08,planned,Industry verticals,34,Industry response packs,sustain,Sustain,edtech,Edtech & online learning,high,playbook,Playbook,Edtech and online learning: internal ownership matrix,Learning businesses need role clarity across growth and delivery teams.,"Define ownership across admissions, product, academic support, marketing, finance, parent communication, vendor access, and incident escalation.",In edtech the data owner is usually hidden between product and operations.,Browse templates,https://saralprivacy.com/resources,,,,,,
199,2026-10-09,planned,Industry verticals,34,Industry response packs,sustain,Sustain,edtech,Edtech & online learning,high,checklist,Checklist,Edtech and online learning: vendor and processor review checklist,Learning platforms depend on many processors.,"LMS providers, video tools, CRM systems, payment providers, WhatsApp tools, analytics platforms, and support vendors should be reviewed consistently.",A modern edtech stack can become a data maze unless vendors are checked one by one.,Browse templates,https://saralprivacy.com/resources,,,,,,
200,2026-10-10,planned,Industry verticals,34,Industry response packs,sustain,Sustain,edtech,Edtech & online learning,high,playbook,Playbook,Edtech and online learning: breach-response mini playbook,Edtech incidents affect trust across parents and learners quickly.,"Build a simple escalation map covering platform access issues, exposed learner records, communication mistakes, vendor-linked issues, and support-team errors.","When student data is exposed, confusion is not a neutral response.",Browse templates,https://saralprivacy.com/resources,,,,,,
201,2026-10-11,planned,Industry verticals,35,Industry response packs,sustain,Sustain,marketplaces,Marketplaces & platforms,medium,checklist,Checklist,Marketplaces and platform businesses: notice checklist for buyer seller and support data,Platform notices must reflect multi-sided data collection reality.,"Buyer signup, seller onboarding, support tickets, order workflows, payments support, ratings, dispute handling, and communication tools all create separate notice-relevant moments.","A marketplace notice must speak to every side of the market, not just the buyer.",Browse templates,https://saralprivacy.com/resources,,,,,,
202,2026-10-12,planned,Industry verticals,35,Industry response packs,sustain,Sustain,marketplaces,Marketplaces & platforms,medium,playbook,Playbook,Marketplaces and platform businesses: rights and grievance response path,Platforms need a response path that works across users and support teams.,"Data-related questions, profile corrections, communication complaints, and grievance escalation should be routed through defined teams and tracked properly.",A platform without a response map eventually trains users to distrust support.,Browse templates,https://saralprivacy.com/resources,,,,,,
203,2026-10-13,planned,Industry verticals,35,Industry response packs,sustain,Sustain,marketplaces,Marketplaces & platforms,medium,playbook,Playbook,Marketplaces and platform businesses: internal ownership matrix,Platform businesses need role clarity across product operations and support.,"Assign ownership for onboarding data, support data, seller records, communication logs, vendor access, grievance handling, and incident escalation.",The fastest-growing platform problem is not scale. It is unclear ownership at scale.,Browse templates,https://saralprivacy.com/resources,,,,,,
204,2026-10-14,planned,Industry verticals,35,Industry response packs,sustain,Sustain,marketplaces,Marketplaces & platforms,medium,checklist,Checklist,Marketplaces and platform businesses: vendor and processor review checklist,Platforms depend on layered service providers.,"Hosting, chat tools, payment support providers, fraud tools, CRM systems, analytics vendors, and outsourced support teams should be reviewed through one consistent lens.",Every processor added to a platform is another trust surface.,Browse templates,https://saralprivacy.com/resources,,,,,,
205,2026-10-15,planned,Industry verticals,35,Industry response packs,sustain,Sustain,marketplaces,Marketplaces & platforms,medium,playbook,Playbook,Marketplaces and platform businesses: breach-response mini playbook,Platform incidents move fast because users notice fast.,"Define first-response roles for exposed account data, support mistakes, seller-side leaks, communication issues, and vendor-linked incidents.",A platform incident grows in public faster than it grows in the backend log.,Browse templates,https://saralprivacy.com/resources,,,,,,
206,2026-10-16,planned,Industry verticals,36,Industry response packs,sustain,Sustain,housing-proptech,Housing societies & proptech,medium,checklist,Checklist,Housing societies and proptech: notice checklist for resident and visitor data,Resident-facing notices must cover real society data flows.,"Visitor logs, resident registrations, staff records, payment apps, parking systems, complaint desks, and communication groups all collect personal data that should be explained plainly.",A society app is not just a convenience tool. It is a data system.,Browse templates,https://saralprivacy.com/resources,,,,,,
207,2026-10-17,planned,Industry verticals,36,Industry response packs,sustain,Sustain,housing-proptech,Housing societies & proptech,medium,playbook,Playbook,Housing societies and proptech: rights and grievance response path,Residents need a predictable route for data concerns.,"Questions about app records, visitor logs, communication groups, profile details, and grievances should move through a documented contact and escalation path.",People trust housing systems more when the complaint path is visible.,Browse templates,https://saralprivacy.com/resources,,,,,,
208,2026-10-18,planned,Industry verticals,36,Industry response packs,sustain,Sustain,housing-proptech,Housing societies & proptech,medium,playbook,Playbook,Housing societies and proptech: internal ownership matrix,"Society data often falls between committee, admin, and vendor teams.","Define ownership across resident records, visitor logs, facility systems, communication channels, vendor access, grievance handling, and incident escalation.",Shared buildings often create shared confusion unless ownership is written down.,Browse templates,https://saralprivacy.com/resources,,,,,,
209,2026-10-19,planned,Industry verticals,36,Industry response packs,sustain,Sustain,housing-proptech,Housing societies & proptech,medium,checklist,Checklist,Housing societies and proptech: vendor and processor review checklist,Society apps and facility vendors can expand exposure quickly.,"Visitor-management vendors, payment tools, app providers, CCTV-linked service vendors, communication tools, and maintenance contractors should be reviewed with one checklist.",A society should know exactly which vendor can see which resident data.,Browse templates,https://saralprivacy.com/resources,,,,,,
210,2026-10-20,planned,Industry verticals,36,Industry response packs,sustain,Sustain,housing-proptech,Housing societies & proptech,medium,playbook,Playbook,Housing societies and proptech: breach-response mini playbook,Resident trust depends on fast structured handling of data issues.,"Define escalation for exposed resident records, visitor-log errors, app misconfiguration, communication mistakes, and vendor-linked incidents.","When community data leaks, rumours travel faster than explanations.",Browse templates,https://saralprivacy.com/resources,,,,,,
211,2026-10-21,planned,Industry verticals,37,Industry response packs,sustain,Sustain,auto-dealers,Auto dealers & service,medium,checklist,Checklist,Auto dealers and service centres: notice checklist for customer and vehicle-service data,Auto businesses need notices tied to booking and service workflows.,"Test-drive forms, service bookings, vehicle pickup, invoices, support calls, feedback requests, and loyalty communication all create notice touchpoints.",A service centre collects more customer data than the service card shows.,Browse templates,https://saralprivacy.com/resources,,,,,,
212,2026-10-22,planned,Industry verticals,37,Industry response packs,sustain,Sustain,auto-dealers,Auto dealers & service,medium,playbook,Playbook,Auto dealers and service centres: rights and grievance response path,Service customers need one clear route for data questions and complaints.,"Profile corrections, communication issues, support grievances, booking mistakes, and service-linked complaints should not vanish between workshop and front office teams.",A workshop can fix a vehicle faster than a broken response path unless the process is designed.,Browse templates,https://saralprivacy.com/resources,,,,,,
213,2026-10-23,planned,Industry verticals,37,Industry response packs,sustain,Sustain,auto-dealers,Auto dealers & service,medium,playbook,Playbook,Auto dealers and service centres: internal ownership matrix,Customer-data handling spans sales service and support teams.,"Define ownership across enquiry forms, booking data, service history, CRM records, communication logs, vendor access, and incident escalation.",The customer record should not get lost between showroom and service bay.,Browse templates,https://saralprivacy.com/resources,,,,,,
214,2026-10-24,planned,Industry verticals,37,Industry response packs,sustain,Sustain,auto-dealers,Auto dealers & service,medium,checklist,Checklist,Auto dealers and service centres: vendor and processor review checklist,Auto businesses use many service and communication vendors.,"CRM tools, booking tools, insurer-linked systems, RSA partners, call centres, and workshop software vendors should be reviewed on one standard sheet.",Every service partner with customer access should have a reason and a review.,Browse templates,https://saralprivacy.com/resources,,,,,,
215,2026-10-25,planned,Industry verticals,37,Industry response packs,sustain,Sustain,auto-dealers,Auto dealers & service,medium,playbook,Playbook,Auto dealers and service centres: breach-response mini playbook,Service data issues need immediate operational containment.,"Define who handles exposed customer records, misdirected service messages, vendor mistakes, booking-system issues, and support-team escalations.",Customers may forgive a delay in service. They rarely forgive silence on data mishandling.,Browse templates,https://saralprivacy.com/resources,,,,,,
216,2026-10-26,planned,Industry verticals,38,Industry response packs,sustain,Sustain,ngos,NGOs & member networks,medium,checklist,Checklist,NGOs and member networks: notice checklist for donor beneficiary volunteer and staff data,Non-profits need notices that reflect multiple relationship types.,"Donation forms, beneficiary intake, volunteer onboarding, event registrations, payroll files, and community communication all create different notice points.",A donation form can carry as much privacy duty as a sales form.,Browse templates,https://saralprivacy.com/resources,,,,,,
217,2026-10-27,planned,Industry verticals,38,Industry response packs,sustain,Sustain,ngos,NGOs & member networks,medium,playbook,Playbook,NGOs and member networks: rights and grievance response path,Community trust depends on a humane and clear response route.,"Data-related concerns from donors, beneficiaries, volunteers, or staff should have a visible path for response, escalation, and closure.","In mission-led organisations, trust can be lost through process failure not intention.",Browse templates,https://saralprivacy.com/resources,,,,,,
218,2026-10-28,planned,Industry verticals,38,Industry response packs,sustain,Sustain,ngos,NGOs & member networks,medium,playbook,Playbook,NGOs and member networks: internal ownership matrix,Non-profits need ownership across programs and admin.,"Define who owns donor records, beneficiary files, volunteer data, communication lists, vendor access, grievance handling, and incident escalation.",A cause does not remove the need for clean ownership.,Browse templates,https://saralprivacy.com/resources,,,,,,
219,2026-10-29,planned,Industry verticals,38,Industry response packs,sustain,Sustain,ngos,NGOs & member networks,medium,checklist,Checklist,NGOs and member networks: vendor and processor review checklist,NGOs often rely on lean but broad vendor stacks.,"Fundraising tools, event systems, CRMs, payroll vendors, communication platforms, and external agencies should be reviewed through one checklist.","Small teams need sharper vendor discipline, not less of it.",Browse templates,https://saralprivacy.com/resources,,,,,,
220,2026-10-30,planned,Industry verticals,38,Industry response packs,sustain,Sustain,ngos,NGOs & member networks,medium,playbook,Playbook,NGOs and member networks: breach-response mini playbook,Non-profit incidents can damage mission trust quickly.,"Build a response path for exposed donor lists, beneficiary records, volunteer files, event data, and vendor-linked issues.","When a mission-led organisation mishandles data, credibility takes the first hit.",Browse templates,https://saralprivacy.com/resources,,,,,,
221,2026-10-31,planned,Industry verticals,39,Industry response packs,sustain,Sustain,media-community,Media & community platforms,medium,checklist,Checklist,Media and community platforms: notice checklist for subscriber and user data,"Media businesses need notices across signup, content, and community interaction.","Newsletter signups, subscriptions, comments, community features, support tickets, event registrations, and campaign tools all create notice points.",A subscriber list is not just an audience asset. It is a trust asset.,Browse templates,https://saralprivacy.com/resources,,,,,,
222,2026-11-01,planned,Industry verticals,39,Industry response packs,sustain,Sustain,media-community,Media & community platforms,medium,playbook,Playbook,Media and community platforms: rights and grievance response path,User trust depends on clear response handling.,"Questions about account data, communication preferences, community moderation, corrections, and grievances should have one visible path instead of scattered inboxes.",A community feels safer when the response route is visible.,Browse templates,https://saralprivacy.com/resources,,,,,,
223,2026-11-02,planned,Industry verticals,39,Industry response packs,sustain,Sustain,media-community,Media & community platforms,medium,playbook,Playbook,Media and community platforms: internal ownership matrix,Media teams need clear role splits across editorial growth and product.,"Define ownership across subscriber data, event data, community tools, communication logs, vendor access, grievance handling, and incident escalation.",Audience trust falls fastest when nobody owns the backend mess.,Browse templates,https://saralprivacy.com/resources,,,,,,
224,2026-11-03,planned,Industry verticals,39,Industry response packs,sustain,Sustain,media-community,Media & community platforms,medium,checklist,Checklist,Media and community platforms: vendor and processor review checklist,Media businesses often run on a stacked tool ecosystem.,"Email platforms, paywall tools, analytics vendors, community tools, event systems, ad-tech tools, and support vendors should be reviewed consistently.",Your content stack is also a data stack.,Browse templates,https://saralprivacy.com/resources,,,,,,
225,2026-11-04,planned,Industry verticals,39,Industry response packs,sustain,Sustain,media-community,Media & community platforms,medium,playbook,Playbook,Media and community platforms: breach-response mini playbook,Subscriber and community issues need fast communication discipline.,"Prepare response roles for exposed subscriber data, community-platform issues, event-data mistakes, communication failures, and vendor-linked incidents.","When audience trust breaks, good content cannot repair it alone.",Browse templates,https://saralprivacy.com/resources,,,,,,
226,2026-11-05,planned,Industry verticals,40,Industry response packs,sustain,Sustain,travel-tech,Travel tech & booking,medium,checklist,Checklist,Travel tech and booking platforms: notice checklist for traveller and booking data,Travel businesses collect data across search booking and support journeys.,"Traveller profiles, booking forms, itinerary support, cancellations, refunds, feedback, and partner communication all create notice-relevant collection moments.",A booking engine is also a data engine.,Browse templates,https://saralprivacy.com/resources,,,,,,
227,2026-11-06,planned,Industry verticals,40,Industry response packs,sustain,Sustain,travel-tech,Travel tech & booking,medium,playbook,Playbook,Travel tech and booking platforms: rights and grievance response path,Travellers need a response route that survives trip complexity.,"Data-related concerns, corrections, support issues, booking complaints, and escalation requests should have one clean path across support and operations.",A travel problem becomes a trust problem when support cannot route it properly.,Browse templates,https://saralprivacy.com/resources,,,,,,
228,2026-11-07,planned,Industry verticals,40,Industry response packs,sustain,Sustain,travel-tech,Travel tech & booking,medium,playbook,Playbook,Travel tech and booking platforms: internal ownership matrix,Travel platforms need clarity across operations support and product.,"Define ownership for traveller records, booking logs, support conversations, partner data sharing, vendor access, grievance handling, and incident escalation.","The booking may be automated, but accountability cannot be.",Browse templates,https://saralprivacy.com/resources,,,,,,
229,2026-11-08,planned,Industry verticals,40,Industry response packs,sustain,Sustain,travel-tech,Travel tech & booking,medium,checklist,Checklist,Travel tech and booking platforms: vendor and processor review checklist,Travel platforms rely on many external partners and systems.,"Payment tools, booking engines, support vendors, CRM platforms, partner APIs, communication tools, and analytics providers should be reviewed through one standard checklist.",Every partner integration is also a trust integration.,Browse templates,https://saralprivacy.com/resources,,,,,,
230,2026-11-09,planned,Industry verticals,40,Industry response packs,sustain,Sustain,travel-tech,Travel tech & booking,medium,playbook,Playbook,Travel tech and booking platforms: breach-response mini playbook,Travel incidents need clear escalation across support and operations.,"Define first actions for exposed traveller records, booking-support mistakes, partner-side issues, communication failures, and system misconfigurations.",A broken itinerary is stressful. A broken data response makes it worse.,Browse templates,https://saralprivacy.com/resources,,,,,,
231,2026-11-10,planned,Industry verticals,41,Industry response packs,sustain,Sustain,fintech,Fintech & payments,high,checklist,Checklist,Fintech and payments-adjacent SMEs: notice checklist for customer and transaction-support data,Fintech notices must reflect product and support workflows together.,"Account opening, KYC support, onboarding help, transaction support, service communication, complaint channels, and partner-linked flows all create notice points.",In fintech the notice must follow the money and the support journey.,Browse templates,https://saralprivacy.com/resources,,,,,,
232,2026-11-11,planned,Industry verticals,41,Industry response packs,sustain,Sustain,fintech,Fintech & payments,high,playbook,Playbook,Fintech and payments-adjacent SMEs: rights and grievance response path,Financial trust depends on a strong response path.,"Data-related questions, account-detail corrections, communication concerns, support grievances, and escalation requests need structured routing.",A finance user notices response quality faster than policy language.,Browse templates,https://saralprivacy.com/resources,,,,,,
233,2026-11-12,planned,Industry verticals,41,Industry response packs,sustain,Sustain,fintech,Fintech & payments,high,playbook,Playbook,Fintech and payments-adjacent SMEs: internal ownership matrix,Fintech privacy needs role clarity across compliance product ops and support.,"Assign ownership for onboarding data, support logs, communication records, partner access, grievance handling, and incident escalation.",Good controls fail when accountability is fuzzy.,Browse templates,https://saralprivacy.com/resources,,,,,,
234,2026-11-13,planned,Industry verticals,41,Industry response packs,sustain,Sustain,fintech,Fintech & payments,high,checklist,Checklist,Fintech and payments-adjacent SMEs: vendor and processor review checklist,Fintech ecosystems rely on multiple processors and service partners.,"KYC tools, support vendors, hosting providers, CRM systems, communication tools, analytics providers, and outsourced service teams should be reviewed with one checklist.",Every payments-adjacent vendor should be able to justify its access in one sentence.,Browse templates,https://saralprivacy.com/resources,,,,,,
235,2026-11-14,planned,Industry verticals,41,Industry response packs,sustain,Sustain,fintech,Fintech & payments,high,playbook,Playbook,Fintech and payments-adjacent SMEs: breach-response mini playbook,Financial-data incidents need precision not improvisation.,"Build a response flow for exposed onboarding data, support-team errors, communication issues, partner-linked incidents, and internal escalation.","In fintech speed matters, but clean escalation matters more.",Browse templates,https://saralprivacy.com/resources,,,,,,
236,2026-11-15,planned,Industry verticals,42,Industry response packs,sustain,Sustain,multi-location,Multi-location service businesses,medium,checklist,Checklist,Multi-location service businesses: notice checklist across branches and central teams,Branch-led businesses need one notice approach across many collection points.,"Front desks, field teams, booking systems, billing, support desks, local WhatsApp channels, and central CRM tools all collect personal data and should follow a consistent notice model.",Consistency becomes compliance when branches stop inventing their own process.,Browse templates,https://saralprivacy.com/resources,,,,,,
237,2026-11-16,planned,Industry verticals,42,Industry response packs,sustain,Sustain,multi-location,Multi-location service businesses,medium,playbook,Playbook,Multi-location service businesses: rights and grievance response path,Customers should not have to guess whether branch or head office owns the response.,"Data questions, support complaints, communication issues, and grievance escalation need a single route even if the data started at branch level.",The best branch experience still fails if response ownership is split badly.,Browse templates,https://saralprivacy.com/resources,,,,,,
238,2026-11-17,planned,Industry verticals,42,Industry response packs,sustain,Sustain,multi-location,Multi-location service businesses,medium,playbook,Playbook,Multi-location service businesses: internal ownership matrix,Multi-location businesses need branch and central accountability defined.,"Split ownership across collection points, local access, central systems, support records, vendor access, grievance handling, and incident escalation.",Scale without ownership is just organised confusion.,Browse templates,https://saralprivacy.com/resources,,,,,,
239,2026-11-18,planned,Industry verticals,42,Industry response packs,sustain,Sustain,multi-location,Multi-location service businesses,medium,checklist,Checklist,Multi-location service businesses: vendor and processor review checklist,Multi-location operations often create layered vendor access.,"Local software vendors, central CRM tools, support providers, branch-level agencies, communication tools, and outsourced service partners should be reviewed under one standard checklist.",Branches multiply risk faster than they multiply policy discipline.,Browse templates,https://saralprivacy.com/resources,,,,,,
240,2026-11-19,planned,Industry verticals,42,Industry response packs,sustain,Sustain,multi-location,Multi-location service businesses,medium,playbook,Playbook,Multi-location service businesses: breach-response mini playbook,Branch-level incidents need central control and local speed.,"Define who acts when branch records are exposed, local teams mis-send data, vendor-linked issues arise, or support errors affect customers across locations.",A distributed business needs one response spine even if the incident starts in one branch.,Browse templates,https://saralprivacy.com/resources,,,,,,
